qseqid,sseqid,pident,length,mismatch,gapopen,qstart,qend,sstart,send,evalue,bitscore,qcovs
AMP_0003,ETJ19659.1,81.25,32,6,0,1,32,10,41,1.29e-08,49.7,84.38
AMP_0003,SVC53184.1,78.125,32,7,0,1,32,12,43,1.87e-07,47,81.25
AMP_0003,CAB4765477.1,82.143,28,5,0,1,28,10,37,6.83e-07,45.4,85.71
AMP_0003,SVA64660.1,82.143,28,5,0,1,28,37,64,1.68e-06,45.1,85.71
AMP_0003,MNN58390.1,77.419,31,7,0,1,31,45,75,3.03e-06,45.1,77.42
AMP_0003,MNE71052.1,77.419,31,7,0,1,31,45,75,8.77e-06,44.3,77.42
AMP_0003,MNG08340.1,71.875,32,9,0,1,32,45,76,1.51e-05,43.9,78.12
AMP_0003,MNJ56419.1,77.419,31,7,0,1,31,45,75,1.72e-05,43.5,77.42
AMP_0003,MNC54461.1,77.419,31,7,0,1,31,45,75,2.25e-05,43.5,77.42
AMP_0003,MNI64648.1,74.194,31,8,0,1,31,45,75,4.00e-05,42,74.19
AMP_0003,SUZ85940.1,83.333,24,4,0,5,28,2,25,6.30e-04,37.7,83.33
AMP_0005,SVA64660.1,67.857,28,9,0,1,28,37,64,0.002,37,78.57
AMP_0005,CAB4765477.1,64.286,28,10,0,1,28,10,37,0.018,33.9,71.43
AMP_0006,MNI64648.1,73.077,26,7,0,1,26,50,75,0.022,34.7,76.92
AMP_0015,MNI64648.1,65.517,29,10,0,5,33,49,77,0.026,35.4,75.86
AMP_0017,SVA64660.1,75,28,7,0,1,28,37,64,1.53e-05,42.4,82.14
AMP_0017,MNN58390.1,67.857,28,9,0,1,28,45,72,0.007,36.2,75
AMP_0017,MNJ56419.1,67.857,28,9,0,1,28,45,72,0.009,36.2,75
AMP_0017,MNG08340.1,67.857,28,9,0,1,28,45,72,0.02,35.4,75
AMP_0017,MNE71052.1,67.857,28,9,0,1,28,45,72,0.021,35.4,75
AMP_0017,MNC54461.1,67.857,28,9,0,1,28,45,72,0.021,35.4,75
AMP_0017,MNI64648.1,64.286,28,10,0,1,28,45,72,0.024,34.7,71.43
AMP_0018,MNI64648.1,74.074,27,7,0,1,27,45,71,4.96e-05,41.2,85.19
AMP_0018,ETJ19659.1,74.074,27,7,0,1,27,10,36,2.95e-04,38.5,81.48
AMP_0018,MNG08340.1,70.37,27,8,0,1,27,45,71,0.001,38.5,81.48
AMP_0018,MNE71052.1,70.37,27,8,0,1,27,45,71,0.001,38.5,81.48
AMP_0018,MNC54461.1,70.37,27,8,0,1,27,45,71,0.001,38.5,81.48
AMP_0018,MNN58390.1,70.37,27,8,0,1,27,45,71,0.001,37.7,81.48
AMP_0018,MNJ56419.1,70.37,27,8,0,1,27,45,71,0.005,37,81.48
AMP_0018,SVC12107.1,70.37,27,8,0,1,27,10,36,0.006,35,81.48
AMP_0018,SUZ67153.1,75,24,6,0,4,27,1,24,0.036,33.1,79.17
AMP_0019,MNN58390.1,72.727,33,9,0,1,33,45,77,2.66e-08,50.1,84.85
AMP_0019,MNE71052.1,72.727,33,9,0,1,33,45,77,5.72e-08,50.1,84.85
AMP_0019,MNJ56419.1,69.697,33,10,0,1,33,45,77,2.72e-07,48.1,84.85
AMP_0019,MNG08340.1,74.194,31,8,0,1,31,45,75,4.18e-07,47.8,83.87
AMP_0019,SVA64660.1,78.571,28,6,0,1,28,37,64,5.49e-07,46.2,89.29
AMP_0019,MNC54461.1,69.697,33,10,0,1,33,45,77,1.56e-06,46.2,81.82
AMP_0019,MNI64648.1,66.667,33,11,0,1,33,45,77,4.24e-06,44.3,78.79
AMP_0019,CAB4765477.1,75,28,7,0,1,28,10,37,5.51e-06,43.1,82.14
AMP_0019,SVC12107.1,70.37,27,8,0,1,27,10,36,0.001,37,77.78
AMP_0022,MNE71052.1,47.826,46,24,0,1,46,45,90,0.004,38.1,63.04
AMP_0022,MNN58390.1,43.478,46,26,0,1,46,45,90,0.011,36.6,58.7
AMP_0022,MNJ56419.1,45.652,46,25,0,1,46,45,90,0.013,37,63.04
AMP_0023,SVC53184.1,78.571,28,6,0,1,28,17,44,7.82e-06,42.4,85.71
AMP_0023,SUZ85940.1,94.737,19,1,0,1,19,3,21,0.015,33.9,100
AMP_0023,MNN58390.1,76.923,26,6,0,1,26,50,75,0.022,34.7,80.77
AMP_0023,MNE71052.1,76.923,26,6,0,1,26,50,75,0.031,35,80.77
AMP_0024,MNG08340.1,71.429,28,8,0,4,31,48,75,0.016,35.8,75
AMP_0025,MNN58390.1,57.895,38,16,0,2,39,46,83,5.45e-04,39.7,65.79
AMP_0025,MNG08340.1,62.5,32,12,0,2,33,46,77,0.003,38.1,68.75
AMP_0025,MNE71052.1,57.143,35,15,0,2,36,46,80,0.009,37,62.86
AMP_0026,GAI41645.1,97.674,43,1,0,1,43,109,151,1.11e-20,83.6,97.67
AMP_0031,MNG08340.1,64.286,42,15,0,8,49,35,76,2.25e-09,54.3,73.81
AMP_0031,MNC54461.1,66.667,39,13,0,7,45,34,72,1.13e-08,52.8,76.92
AMP_0031,ETJ19659.1,65.854,41,14,0,9,49,1,41,1.69e-08,50.1,70.73
AMP_0031,MNN58390.1,65,40,14,0,9,48,36,75,5.70e-08,50.1,72.5
AMP_0031,MNE71052.1,65,40,14,0,9,48,36,75,7.81e-08,50.4,72.5
AMP_0031,MNJ56419.1,67.568,37,12,0,9,45,36,72,1.87e-07,49.7,75.68
AMP_0031,CAB4765477.1,64.865,37,13,0,9,45,1,37,2.71e-07,47,72.97
AMP_0031,MNI64648.1,62.162,37,14,0,9,45,36,72,8.95e-06,44.3,72.97
AMP_0033,MNC54461.1,62.791,43,16,0,4,46,34,76,5.12e-09,53.5,74.42
AMP_0033,MNG08340.1,70,40,12,0,5,44,35,74,5.18e-09,53.5,75
AMP_0033,MNJ56419.1,64.286,42,15,0,5,46,35,76,1.56e-08,52,73.81
AMP_0033,MNN58390.1,65.854,41,14,0,6,46,36,76,3.67e-08,50.4,73.17
AMP_0033,MNE71052.1,65.854,41,14,0,6,46,36,76,3.93e-08,51.2,73.17
AMP_0033,CAB4765477.1,64.865,37,13,0,6,42,1,37,3.52e-07,46.6,72.97
AMP_0033,MNI64648.1,60.976,41,16,0,6,46,36,76,4.16e-07,47.8,70.73
AMP_0033,SVC12107.1,63.889,36,13,0,6,41,1,36,2.16e-06,44.7,75
AMP_0033,ETJ19659.1,64.865,37,13,0,6,42,1,37,2.26e-06,44.7,70.27
AMP_0034,EBG22252.1,84.615,39,6,0,1,39,116,154,3.27e-16,72,94.87
AMP_0034,MNZ95619.1,79.487,39,8,0,1,39,25,63,4.39e-14,64.3,82.05
AMP_0034,MNI61191.1,79.487,39,8,0,1,39,25,63,5.07e-14,64.3,84.62
AMP_0034,MNX67484.1,76.923,39,9,0,1,39,25,63,3.50e-13,62,82.05
AMP_0034,MNC24289.1,74.359,39,10,0,1,39,31,69,5.57e-13,61.6,82.05
AMP_0034,MNR65485.1,74.359,39,10,0,1,39,25,63,5.92e-13,61.6,82.05
AMP_0034,MNI25568.1,74.359,39,10,0,1,39,44,82,7.26e-13,61.6,82.05
AMP_0034,SVB16136.1,74.359,39,10,0,1,39,25,63,4.98e-12,59.3,79.49
AMP_0034,MNE09530.1,71.795,39,11,0,1,39,31,69,5.76e-12,59.3,79.49
AMP_0034,VAW73173.1,82.353,34,6,0,6,39,44,77,1.38e-11,58.5,82.35
AMP_0034,EBF85000.1,69.231,39,12,0,1,39,89,127,7.06e-11,57.8,79.49
AMP_0034,EBY45737.1,65.789,38,13,0,2,39,37,74,7.24e-11,56.6,73.68
AMP_0034,ETJ19881.1,71.053,38,11,0,2,39,36,73,3.28e-10,54.7,76.32
AMP_0034,ECA30446.1,73.529,34,9,0,1,34,29,62,4.63e-09,51.6,76.47
AMP_0034,EBZ30154.1,68.421,38,12,0,1,38,25,62,2.70e-08,49.7,73.68
AMP_0034,SVA69110.1,74.194,31,8,0,6,36,30,60,4.19e-08,49.3,80.65
AMP_0034,ECV54369.1,70.588,34,10,0,1,34,121,154,4.49e-08,51.2,76.47
AMP_0034,SVE40711.1,70.588,34,10,0,1,34,41,74,5.21e-08,49.7,82.35
AMP_0034,ECI50267.1,79.31,29,6,0,1,29,62,90,7.88e-08,49.3,82.76
AMP_0034,KKK79560.1,73.333,30,8,0,10,39,43,72,1.78e-07,47.8,83.33
AMP_0034,EBF71370.1,76.667,30,7,0,1,30,41,70,6.39e-07,46.6,83.33
AMP_0034,SVD00820.1,56.41,39,17,0,1,39,25,63,7.75e-07,46.2,64.1
AMP_0034,EDJ09216.1,59.459,37,15,0,3,39,137,173,3.43e-06,46.6,70.27
AMP_0034,SVA99445.1,62.5,32,12,0,2,33,26,57,4.28e-05,41.6,71.88
AMP_0034,EBP53572.1,65.517,29,10,0,6,34,167,195,3.38e-04,41.2,75.86
AMP_0034,EBU52140.1,70.37,27,8,0,1,27,65,91,8.14e-04,38.9,77.78
AMP_0034,SUZ91065.1,60,30,12,0,10,39,36,65,0.002,37.4,66.67
AMP_0034,ECK71567.1,72,25,7,0,1,25,33,57,0.003,37,80
AMP_0034,EBK08930.1,61.538,26,10,0,5,30,47,72,0.004,36.6,73.08
AMP_0034,ECW97987.1,61.538,26,10,0,5,30,59,84,0.006,36.6,73.08
AMP_0034,SVD56124.1,78.947,19,4,0,17,35,42,60,0.011,35.4,84.21
AMP_0034,ECT99871.1,71.429,21,6,0,10,30,42,62,0.014,35.4,76.19
AMP_0034,SVC42329.1,65.217,23,8,0,12,34,4,26,0.016,34.7,73.91
AMP_0034,KKK53386.1,61.538,26,10,0,9,34,33,58,0.027,35.4,73.08
AMP_0034,EBJ34349.1,60,25,10,0,5,29,55,79,0.032,34.7,72
AMP_0034,SVA52540.1,64,25,9,0,10,34,41,65,0.034,34.7,68
AMP_0038,MNI64648.1,63.636,33,12,0,1,33,45,77,2.98e-05,42.4,72.73
AMP_0038,MNC54461.1,63.636,33,12,0,1,33,45,77,7.03e-05,42,72.73
AMP_0038,MNJ56419.1,63.636,33,12,0,1,33,45,77,7.82e-05,42,72.73
AMP_0038,MNN58390.1,63.636,33,12,0,1,33,45,77,8.57e-05,41.2,72.73
AMP_0038,MNE71052.1,63.636,33,12,0,1,33,45,77,1.60e-04,41.2,72.73
AMP_0038,MNG08340.1,74.074,27,7,0,1,27,45,71,4.33e-04,40,77.78
AMP_0038,SVC12107.1,66.667,27,9,0,1,27,10,36,0.001,37,77.78
AMP_0038,ETJ19659.1,66.667,27,9,0,1,27,10,36,0.006,35.4,70.37
AMP_0038,SUZ85940.1,70.833,24,7,0,5,28,2,25,0.013,34.3,75
AMP_0044,SVC53184.1,60.606,33,13,0,1,33,12,44,1.19e-04,39.7,66.67
AMP_0049,CAN5551721.1,68.182,22,7,0,3,24,445,466,0.002,38.9,90.91
AMP_0049,CAN5886521.1,63.636,22,8,0,3,24,445,466,0.007,37,90.91
AMP_0055,VFR18156.1,52.381,42,20,0,1,42,531,572,2.98e-07,50.4,61.9
AMP_0055,VFR28002.1,52.381,42,20,0,1,42,531,572,2.98e-07,50.4,61.9
AMP_0055,VFR16128.1,52.381,42,20,0,1,42,531,572,3.13e-07,50.4,61.9
AMP_0055,VFR52842.1,52.381,42,20,0,1,42,531,572,3.25e-07,50.1,61.9
AMP_0055,VFR77320.1,52.381,42,20,0,1,42,531,572,3.42e-07,50.1,61.9
AMP_0055,MCY1530117.1,54.762,42,17,1,3,42,111,152,4.52e-07,48.9,69.05
AMP_0055,MNR58935.1,60,35,14,0,1,35,8,42,5.87e-07,46.2,62.86
AMP_0055,MCY1198143.1,54.762,42,17,1,3,42,533,574,6.40e-07,49.3,69.05
AMP_0055,MNI67193.1,52.381,42,18,1,3,42,32,73,7.61e-07,46.6,66.67
AMP_0055,MNC89929.1,55.556,36,16,0,1,36,26,61,9.78e-07,46.2,69.44
AMP_0055,MCY1457404.1,52.381,42,18,1,3,42,54,95,2.28e-06,45.8,66.67
AMP_0055,MNN51801.1,52.381,42,18,1,3,42,116,157,2.40e-06,47,66.67
AMP_0055,MNT38275.1,52.381,42,18,1,3,42,156,197,2.42e-06,47.4,66.67
AMP_0055,MOA01248.1,52.381,42,18,1,3,42,73,114,2.72e-06,46.2,66.67
AMP_0055,MNQ28279.1,52.381,42,18,1,3,42,533,574,2.89e-06,47.4,66.67
AMP_0055,MNS34469.1,52.381,42,18,1,3,42,533,574,2.89e-06,47.4,66.67
AMP_0055,MNK26036.1,52.381,42,18,1,3,42,533,574,3.10e-06,47.4,66.67
AMP_0055,MPN48263.1,54.545,33,15,0,1,33,26,58,4.57e-06,44.3,72.73
AMP_0055,MNS99545.1,60,35,14,0,1,35,276,310,8.23e-06,46.2,62.86
AMP_0055,MNC92882.1,52.778,36,17,0,1,36,7,42,8.53e-06,43.5,66.67
AMP_0055,ECV11058.1,58.537,41,14,1,2,42,651,688,3.40e-05,44.7,60.98
AMP_0055,CAG7856717.1,58.824,34,14,0,1,34,543,576,4.84e-05,43.9,73.53
AMP_0055,VAW41330.1,66.667,30,10,0,2,31,525,554,5.60e-05,43.9,70
AMP_0055,MNC97942.1,45,40,22,0,2,41,10,49,6.23e-05,41.6,67.5
AMP_0055,OIR18364.1,57.143,35,15,0,2,36,531,565,1.84e-04,42.4,62.86
AMP_0055,EBR60129.1,51.429,35,17,0,4,38,90,124,2.01e-04,41.6,71.43
AMP_0055,OIR11793.1,57.143,35,15,0,2,36,531,565,2.17e-04,42.4,62.86
AMP_0055,OIR19268.1,54.286,35,16,0,2,36,530,564,5.21e-04,41.2,62.86
AMP_0055,VAW91846.1,50,40,20,0,4,43,528,567,6.41e-04,40.8,60
AMP_0055,VAW51589.1,53.571,28,13,0,4,31,546,573,7.88e-04,40.8,78.57
AMP_0055,OIQ67275.1,51.282,39,19,0,1,39,67,105,8.40e-04,39.7,61.54
AMP_0055,CAN5633022.1,50,36,18,0,3,38,232,267,0.001,40.4,72.22
AMP_0055,EBE03850.1,44.737,38,21,0,2,39,196,233,0.001,40.4,57.89
AMP_0055,ECC16912.1,56.667,30,13,0,3,32,28,57,0.001,38.5,66.67
AMP_0055,MCY1363141.1,44.444,36,20,0,1,36,17,52,0.001,38.5,61.11
AMP_0055,MNS62830.1,48.485,33,17,0,4,36,39,71,0.001,38.5,63.64
AMP_0055,ECM18403.1,56.667,30,13,0,4,33,73,102,0.002,38.9,73.33
AMP_0055,MNL62603.1,44.444,36,20,0,1,36,51,86,0.003,38.1,61.11
AMP_0055,CAI8350461.1,47.059,34,17,1,4,36,529,562,0.003,39.3,70.59
AMP_0055,VAX11966.1,57.692,26,11,0,4,29,538,563,0.003,38.9,80.77
AMP_0055,CAB5020754.1,51.724,29,14,0,3,31,2,30,0.003,38.1,75.86
AMP_0055,MCY1250418.1,51.613,31,15,0,4,34,51,81,0.004,37.4,67.74
AMP_0055,CAN5779945.1,51.429,35,17,0,4,38,540,574,0.004,38.5,62.86
AMP_0055,MCY1218273.1,44.444,36,20,0,1,36,550,585,0.004,38.5,61.11
AMP_0055,MCY1291674.1,44.444,36,20,0,1,36,454,489,0.004,38.5,61.11
AMP_0055,MCY1239280.1,44.444,36,20,0,1,36,123,158,0.005,38.1,61.11
AMP_0055,ECL06104.1,50,28,14,0,4,31,40,67,0.005,36.6,75
AMP_0055,CAB4959574.1,51.724,29,14,0,3,31,623,651,0.005,38.5,75.86
AMP_0055,CAB4787162.1,51.724,29,14,0,3,31,623,651,0.005,38.5,75.86
AMP_0055,KKK61995.1,53.571,28,13,0,6,33,82,109,0.005,37.7,71.43
AMP_0055,MNS78774.1,44.444,36,20,0,1,36,288,323,0.005,38.5,61.11
AMP_0055,MNR06904.1,48.485,33,17,0,4,36,126,158,0.005,38.1,63.64
AMP_0055,EDA47687.1,46.154,39,21,0,4,42,541,579,0.005,38.1,56.41
AMP_0055,VAW99194.1,54.545,33,11,1,4,36,531,559,0.006,38.1,66.67
AMP_0055,CAB4978395.1,51.724,29,14,0,3,31,562,590,0.006,38.1,75.86
AMP_0055,CAN5917168.1,46.154,39,21,0,1,39,558,596,0.006,38.1,61.54
AMP_0055,VAX01838.1,61.538,26,10,0,4,29,534,559,0.006,38.1,76.92
AMP_0055,EDH69342.1,61.538,26,10,0,2,27,531,556,0.006,38.1,73.08
AMP_0055,MNL00979.1,48.485,33,17,0,4,36,165,197,0.006,38.1,63.64
AMP_0055,MNC48764.1,48.571,35,18,0,4,38,141,175,0.006,37.7,62.86
AMP_0055,VAW87609.1,48.571,35,18,0,4,38,527,561,0.007,38.1,62.86
AMP_0055,EDA41746.1,60.714,28,11,0,2,29,553,580,0.007,38.1,71.43
AMP_0055,MNM90951.1,48.485,33,17,0,4,36,244,276,0.007,38.1,63.64
AMP_0055,CAB4848914.1,58.621,29,12,0,2,30,525,553,0.007,38.1,75.86
AMP_0055,ECU99116.1,61.538,26,10,0,4,29,541,566,0.007,38.1,73.08
AMP_0055,ECV01241.1,61.538,26,10,0,4,29,541,566,0.007,38.1,73.08
AMP_0055,MND29908.1,53.333,30,14,0,4,33,572,601,0.008,37.7,70
AMP_0055,MCY1181279.1,53.333,30,14,0,4,33,72,101,0.008,37,70
AMP_0055,CAB4669757.1,51.724,29,14,0,3,31,230,258,0.008,37.7,75.86
AMP_0055,KKO02025.1,43.59,39,21,1,4,42,531,568,0.008,37.7,64.1
AMP_0055,CAB4670064.1,51.724,29,14,0,3,31,230,258,0.008,37.7,75.86
AMP_0055,VAW68961.1,55.556,27,12,0,4,30,527,553,0.009,37.7,74.07
AMP_0055,EBO37827.1,54.545,33,15,0,4,36,224,256,0.009,37.7,60.61
AMP_0055,CAB5026855.1,51.724,29,14,0,3,31,143,171,0.009,37.7,75.86
AMP_0055,KKN00482.1,50,32,16,0,4,35,527,558,0.009,37.7,65.62
AMP_0055,EQD59115.1,57.692,26,11,0,4,29,536,561,0.009,37.7,80.77
AMP_0055,EQD68452.1,57.692,26,11,0,4,29,532,557,0.01,37.7,80.77
AMP_0055,CUS40082.1,50,32,16,0,4,35,532,563,0.01,37.7,65.62
AMP_0055,ECW49057.1,57.692,26,11,0,4,29,538,563,0.01,37.7,73.08
AMP_0055,CAN5776509.1,51.429,35,17,0,4,38,552,586,0.01,37.4,60
AMP_0055,ECR06432.1,47.5,40,20,1,2,40,241,280,0.011,37.4,62.5
AMP_0055,VAW61122.1,55.556,27,12,0,4,30,532,558,0.011,37.4,74.07
AMP_0055,VAX11569.1,57.692,26,11,0,4,29,531,556,0.011,37.4,76.92
AMP_0055,MNY74977.1,51.852,27,13,0,1,27,24,50,0.012,35.8,70.37
AMP_0055,VAW56755.1,57.692,26,11,0,4,29,527,552,0.013,37.4,76.92
AMP_0055,VAW86420.1,43.902,41,23,0,3,43,525,565,0.013,37.4,58.54
AMP_0055,EBB51516.1,51.515,33,16,0,4,36,200,232,0.014,37.4,60.61
AMP_0055,VAW55486.1,40.909,44,22,1,4,43,523,566,0.014,37.4,63.64
AMP_0055,VAX08780.1,51.724,29,14,0,1,29,543,571,0.015,37,72.41
AMP_0055,MCY1382871.1,53.333,30,13,1,1,29,16,45,0.016,35.4,73.33
AMP_0055,ECG20260.1,59.259,27,11,0,4,30,24,50,0.017,35.4,77.78
AMP_0055,EBO47338.1,55.172,29,13,0,2,30,39,67,0.017,35.4,72.41
AMP_0055,EDH20046.1,41.026,39,23,0,4,42,520,558,0.018,37,58.97
AMP_0055,MNP83973.1,50,28,14,0,3,30,15,42,0.02,35,60.71
AMP_0055,CAN5299700.1,51.429,35,13,1,4,38,525,555,0.021,36.6,65.71
AMP_0055,CAB4331056.1,58.621,29,12,0,2,30,546,574,0.021,36.6,68.97
AMP_0055,EBY86332.1,46.429,28,15,0,4,31,25,52,0.023,35,71.43
AMP_0055,SVD07325.1,48.718,39,17,1,4,39,175,213,0.026,36.2,64.1
AMP_0055,KKN69075.1,48.276,29,15,0,4,32,565,593,0.026,36.6,65.52
AMP_0055,MNY84227.1,60,30,11,1,1,29,534,563,0.027,36.2,73.33
AMP_0056,ETJ19659.1,85.185,27,4,0,1,27,15,41,2.37e-06,43.9,85.19
AMP_0056,CAB4765477.1,82.609,23,4,0,1,23,15,37,0.003,35.8,82.61
AMP_0056,SUZ67153.1,71.429,28,8,0,1,28,3,30,0.004,35.4,75
AMP_0063,MNN58390.1,63.636,33,12,0,1,33,45,77,7.45e-05,41.2,75.76
AMP_0063,MNG08340.1,63.636,33,12,0,1,33,45,77,4.20e-04,40,72.73
AMP_0063,MNE71052.1,63.636,33,12,0,1,33,45,77,5.83e-04,39.7,75.76
AMP_0063,MNJ56419.1,60.606,33,13,0,1,33,45,77,0.005,37.4,75.76
AMP_0063,MNI64648.1,60.606,33,13,0,1,33,45,77,0.005,36.6,72.73
AMP_0063,MNC54461.1,60.606,33,13,0,1,33,45,77,0.017,35.8,72.73
AMP_0063,SVC12107.1,66.667,27,9,0,1,27,10,36,0.024,33.9,74.07
AMP_0069,SVC53184.1,54.545,33,15,0,1,33,12,44,2.14e-04,39.3,75.76
AMP_0069,ETJ19659.1,58.065,31,13,0,2,32,11,41,0.006,35.8,74.19
AMP_0073,MNJ56419.1,60.465,43,17,0,1,43,45,87,6.45e-07,47.8,72.09
AMP_0073,MNE71052.1,60.465,43,17,0,1,43,45,87,7.75e-06,45.1,69.77
AMP_0073,MNN58390.1,60.465,43,17,0,1,43,45,87,1.25e-05,43.9,69.77
AMP_0073,MNG08340.1,60.465,43,17,0,1,43,45,87,2.21e-05,43.9,67.44
AMP_0073,ETJ19659.1,64.516,31,11,0,1,31,10,40,0.002,37.4,70.97
AMP_0074,SVA64660.1,75,28,7,0,1,28,37,64,5.85e-06,43.1,85.71
AMP_0074,CAB4765477.1,71.429,28,8,0,1,28,10,37,7.70e-05,40,78.57
AMP_0074,MNN58390.1,71.429,28,8,0,1,28,45,72,1.52e-04,40.4,78.57
AMP_0074,MNJ56419.1,71.429,28,8,0,1,28,45,72,2.69e-04,40.4,78.57
AMP_0074,MNE71052.1,71.429,28,8,0,1,28,45,72,4.07e-04,39.7,78.57
AMP_0074,MNC54461.1,71.429,28,8,0,1,28,45,72,4.98e-04,39.7,78.57
AMP_0074,MNG08340.1,71.429,28,8,0,1,28,45,72,4.98e-04,39.7,78.57
AMP_0074,MNI64648.1,67.857,28,9,0,1,28,45,72,5.84e-04,38.5,75
AMP_0074,SVC12107.1,66.667,27,9,0,1,27,10,36,0.016,33.9,74.07
AMP_0081,MNU13493.1,50,42,21,0,1,42,284,325,1.79e-07,50.8,66.67
AMP_0081,MPL55564.1,54.762,42,19,0,1,42,279,320,1.89e-07,50.8,71.43
AMP_0081,MNK27424.1,50,42,21,0,1,42,279,320,2.48e-05,44.7,66.67
AMP_0081,MNS47810.1,48.649,37,19,0,2,38,21,57,4.31e-05,42,72.97
AMP_0081,MNQ74352.1,48.649,37,19,0,2,38,281,317,5.65e-04,41.2,72.97
AMP_0081,MNK77610.1,48.649,37,19,0,2,38,281,317,5.71e-04,40.8,72.97
AMP_0081,MNQ54533.1,45.946,37,20,0,2,38,281,317,0.001,40,75.68
AMP_0081,MNQ29700.1,46.341,41,22,0,2,42,280,320,0.008,37.7,60.98
AMP_0081,MNX46899.1,46.341,41,22,0,2,42,280,320,0.009,37.7,60.98
AMP_0081,MNR97774.1,46.341,41,22,0,2,42,280,320,0.009,37.7,60.98
AMP_0081,VAW25649.1,47.5,40,21,0,3,42,283,322,0.022,36.6,62.5
AMP_0085,MNI61191.1,93.548,31,2,0,1,31,19,49,2.08e-12,59.7,93.55
AMP_0085,MNX67484.1,93.548,31,2,0,1,31,19,49,2.40e-12,59.7,93.55
AMP_0085,EBF71370.1,83.871,31,5,0,1,31,35,65,1.84e-10,55.1,93.55
AMP_0085,MNR65485.1,80.645,31,6,0,1,31,19,49,3.53e-10,53.9,87.1
AMP_0085,MNC24289.1,80.645,31,6,0,1,31,25,55,3.76e-10,54.3,87.1
AMP_0085,MNE09530.1,80.645,31,6,0,1,31,25,55,5.06e-10,53.9,87.1
AMP_0085,MNI25568.1,80.645,31,6,0,1,31,38,68,5.64e-10,53.9,87.1
AMP_0085,MNZ95619.1,80.645,31,6,0,1,31,19,49,2.00e-09,52.4,83.87
AMP_0085,EBF85000.1,74.194,31,8,0,1,31,83,113,2.25e-09,53.5,83.87
AMP_0085,EBU52140.1,80.645,31,6,0,1,31,59,89,2.36e-09,52.8,83.87
AMP_0085,ECI50267.1,70.968,31,9,0,1,31,56,86,1.03e-08,51.2,83.87
AMP_0085,SVA69110.1,70.968,31,9,0,1,31,19,49,1.40e-07,47.4,77.42
AMP_0085,EBG22252.1,74.194,31,8,0,1,31,110,140,2.85e-07,48.5,80.65
AMP_0085,SVE40711.1,74.194,31,8,0,1,31,35,65,2.87e-07,47.4,87.1
AMP_0085,ECA30446.1,70.968,31,9,0,1,31,23,53,4.59e-07,46.2,74.19
AMP_0085,ECI22086.1,68,25,8,0,1,25,56,80,2.18e-04,39.7,80
AMP_0085,VAW73173.1,72.727,22,6,0,10,31,42,63,0.007,35.8,81.82
AMP_0090,ECL50169.1,69.565,23,7,0,1,23,2,24,0.003,37.4,78.26
AMP_0090,EDH37071.1,69.565,23,7,0,1,23,2,24,0.006,37,78.26
AMP_0090,ECY10894.1,65.217,23,8,0,1,23,13,35,0.011,36.6,82.61
AMP_0090,EBQ74600.1,65.217,23,8,0,1,23,28,50,0.014,36.2,82.61
AMP_0090,ECH43330.1,60.87,23,9,0,1,23,1,23,0.021,34.7,86.96
AMP_0090,EDI66843.1,65.217,23,8,0,1,23,28,50,0.022,35.4,82.61
AMP_0090,EBP30461.1,64,25,9,0,1,25,7,31,0.031,35,80
AMP_0095,CAB4765477.1,60.714,28,11,0,1,28,10,37,0.032,33.1,71.43
AMP_0097,MNC54461.1,61.111,36,10,1,6,41,50,81,0.004,38.1,69.44
AMP_0097,MNE71052.1,61.111,36,10,1,6,41,50,81,0.005,37.7,69.44
AMP_0097,SVA64660.1,64.286,28,10,0,1,28,37,64,0.02,35,75
AMP_0097,MNN58390.1,55.263,38,17,0,6,43,50,87,0.033,35,65.79
AMP_0106,MNG08340.1,66.667,45,15,0,1,45,50,94,1.26e-10,57.4,80
AMP_0106,MNE71052.1,64.444,45,16,0,1,45,50,94,5.92e-08,50.4,71.11
AMP_0106,MNJ56419.1,64.444,45,16,0,1,45,50,94,1.85e-07,49.3,73.33
AMP_0106,MNN58390.1,65.854,41,14,0,1,41,50,90,2.26e-07,48.5,73.17
AMP_0106,MNC54461.1,64.444,45,16,0,1,45,50,94,4.82e-07,48.1,71.11
AMP_0106,MNI64648.1,63.636,33,12,0,1,33,50,82,0.006,37,72.73
AMP_0106,SUZ47320.1,66.667,30,10,0,1,30,3,32,0.02,34.7,70
AMP_0106,SVC53184.1,64.286,28,10,0,1,28,17,44,0.032,34.3,75
AMP_0107,GAJ12680.1,97.561,41,1,0,1,41,62,102,1.49e-21,84.3,97.56
AMP_0111,CUR60770.1,88,25,3,0,1,25,519,543,1.11e-08,53.5,96
AMP_0111,CAN5133918.1,88,25,3,0,1,25,516,540,1.51e-08,53.1,92
AMP_0111,CAN5163526.1,88,25,3,0,1,25,519,543,2.74e-08,52.4,92
AMP_0111,CAN5820338.1,80,25,5,0,1,25,508,532,6.24e-08,51.2,96
AMP_0111,CAB4932191.1,84,25,4,0,1,25,511,535,6.74e-08,51.2,92
AMP_0111,MPM61829.1,80,25,5,0,1,25,356,380,6.88e-08,51.2,96
AMP_0111,CAN5646490.1,80,25,5,0,1,25,501,525,1.02e-07,50.4,92
AMP_0111,CAN5488410.1,84,25,4,0,1,25,516,540,1.63e-07,50.1,88
AMP_0111,CAN5555024.1,80,25,5,0,1,25,511,535,1.64e-07,50.1,88
AMP_0111,CAN5142290.1,80,25,5,0,1,25,519,543,1.94e-07,49.7,88
AMP_0111,CAN5371278.1,80,25,5,0,1,25,507,531,2.12e-07,49.7,88
AMP_0111,CAN5262527.1,80,25,5,0,1,25,513,537,3.07e-07,49.3,88
AMP_0111,CUR57089.1,80,25,5,0,1,25,514,538,3.13e-07,49.3,88
AMP_0111,CAN5384305.1,72,25,7,0,1,25,512,536,4.32e-07,48.9,96
AMP_0111,CAN5824044.1,80,25,5,0,1,25,514,538,7.47e-07,48.1,88
AMP_0111,CAN5170174.1,76,25,6,0,1,25,512,536,7.62e-07,48.1,88
AMP_0111,CAB4632009.1,80,25,5,0,1,25,515,539,9.92e-07,47.8,88
AMP_0111,OIQ83719.1,76,25,6,0,1,25,514,538,1.36e-06,47.4,88
AMP_0111,CAB4546766.1,76,25,6,0,1,25,508,532,1.68e-06,47,88
AMP_0111,CAB4536441.1,76,25,6,0,1,25,506,530,1.70e-06,47,92
AMP_0111,CAB4559937.1,76,25,6,0,1,25,508,532,1.77e-06,47,88
AMP_0111,CAB4859875.1,76,25,6,0,1,25,508,532,1.91e-06,47,88
AMP_0111,CAB4950443.1,80,25,5,0,1,25,508,532,2.21e-06,47,84
AMP_0111,ECW18677.1,80,25,5,0,1,25,503,527,2.26e-06,47,84
AMP_0111,CAB4764057.1,80,25,5,0,1,25,511,535,2.30e-06,46.6,88
AMP_0111,CAN5316655.1,76,25,6,0,1,25,491,515,2.44e-06,46.6,88
AMP_0111,ECW18837.1,80,25,5,0,1,25,371,395,2.61e-06,46.6,84
AMP_0111,CAB4728263.1,76,25,6,0,1,25,346,370,2.92e-06,46.6,88
AMP_0111,CAN5169319.1,80,25,5,0,1,25,509,533,3.09e-06,46.6,88
AMP_0111,CAB4617511.1,80,25,5,0,1,25,515,539,3.21e-06,46.2,84
AMP_0111,CAN5383550.1,76,25,6,0,1,25,517,541,3.40e-06,46.2,88
AMP_0111,CAB4552190.1,80,25,5,0,1,25,521,545,3.47e-06,46.2,84
AMP_0111,EDJ18268.1,80,25,5,0,1,25,53,77,3.85e-06,43.9,84
AMP_0111,ECI80285.1,76,25,6,0,1,25,186,210,3.96e-06,45.8,88
AMP_0111,KGA14486.1,80,25,5,0,1,25,505,529,4.02e-06,46.2,84
AMP_0111,ECX50104.1,76,25,6,0,1,25,379,403,4.18e-06,46.2,88
AMP_0111,OIQ77297.1,72,25,7,0,1,25,501,525,4.66e-06,45.8,80
AMP_0111,CAN5394172.1,76,25,6,0,1,25,509,533,4.84e-06,45.8,84
AMP_0111,CAB4848240.1,80,25,5,0,1,25,511,535,4.89e-06,45.8,80
AMP_0111,CAB4572893.1,76,25,6,0,1,25,505,529,5.14e-06,45.8,88
AMP_0111,CAB4553048.1,76,25,6,0,1,25,515,539,5.34e-06,45.8,84
AMP_0111,EBO81389.1,76,25,6,0,1,25,370,394,5.39e-06,45.8,84
AMP_0111,CAB4330411.1,76,25,6,0,1,25,505,529,5.78e-06,45.8,84
AMP_0111,CAB4611997.1,76,25,6,0,1,25,515,539,5.83e-06,45.4,84
AMP_0111,CAB5019310.1,76,25,6,0,1,25,508,532,6.56e-06,45.4,84
AMP_0111,CAB4950573.1,76,25,6,0,1,25,508,532,6.96e-06,45.4,84
AMP_0111,ECI33135.1,80,25,5,0,1,25,173,197,1.03e-05,44.7,88
AMP_0111,CAB4705041.1,72,25,7,0,1,25,498,522,1.10e-05,44.7,80
AMP_0111,EDH94912.1,80,25,5,0,1,25,203,227,1.11e-05,44.7,84
AMP_0111,CAB5050153.1,72,25,7,0,1,25,498,522,1.12e-05,44.7,80
AMP_0111,CAB4657399.1,80,25,5,0,1,25,266,290,1.55e-05,44.3,84
AMP_0111,VAW06026.1,76,25,6,0,1,25,503,527,1.70e-05,44.3,84
AMP_0111,EBF57090.1,76,25,6,0,1,25,298,322,1.84e-05,44.3,84
AMP_0111,CAN5347236.1,72,25,7,0,1,25,509,533,2.06e-05,43.9,84
AMP_0111,EBZ96893.1,76,25,6,0,1,25,84,108,2.13e-05,42.7,88
AMP_0111,SVA30240.1,68,25,8,0,1,25,496,520,2.15e-05,43.9,84
AMP_0111,CAN5209604.1,76,25,6,0,1,25,507,531,2.21e-05,43.9,80
AMP_0111,CAB5042427.1,72,25,7,0,1,25,384,408,2.25e-05,43.9,80
AMP_0111,CAB4680387.1,76,25,6,0,1,25,508,532,2.32e-05,43.9,80
AMP_0111,EBP30212.1,72,25,7,0,1,25,311,335,2.35e-05,43.9,92
AMP_0111,CAN5125635.1,76,25,6,0,1,25,511,535,2.48e-05,43.9,84
AMP_0111,CAB4624142.1,76,25,6,0,1,25,507,531,2.77e-05,43.9,80
AMP_0111,EDG91982.1,72,25,7,0,1,25,460,484,2.83e-05,43.5,88
AMP_0111,CAB4573855.1,68,25,8,0,1,25,442,466,2.97e-05,43.5,88
AMP_0111,CAB4545015.1,68,25,8,0,1,25,505,529,3.02e-05,43.5,88
AMP_0111,CAB4819178.1,68,25,8,0,1,25,499,523,3.14e-05,43.5,84
AMP_0111,CAB4340797.1,68,25,8,0,1,25,499,523,3.17e-05,43.5,84
AMP_0111,CAN5286061.1,68,25,8,0,1,25,499,523,3.30e-05,43.5,84
AMP_0111,EDH88496.1,72,25,7,0,1,25,321,345,3.51e-05,43.5,88
AMP_0111,SVC59716.1,68,25,8,0,1,25,316,340,3.66e-05,43.5,88
AMP_0111,CAN5575732.1,64,25,9,0,1,25,491,515,3.90e-05,43.1,88
AMP_0111,CAN5472895.1,64,25,9,0,1,25,491,515,3.94e-05,43.1,88
AMP_0111,EDI40332.1,72,25,7,0,1,25,289,313,4.20e-05,43.1,88
AMP_0111,CAN5433304.1,72,25,7,0,1,25,505,529,4.38e-05,43.1,80
AMP_0111,CAN5555264.1,76,25,6,0,1,25,521,545,4.42e-05,43.1,80
AMP_0111,ECV38831.1,72,25,7,0,1,25,499,523,4.43e-05,43.1,84
AMP_0111,CAN5444059.1,72,25,7,0,1,25,494,518,4.47e-05,43.1,80
AMP_0111,ECW66344.1,68,25,8,0,1,25,403,427,4.73e-05,43.1,88
AMP_0111,ECY11528.1,68,25,8,0,1,25,498,522,4.93e-05,43.1,88
AMP_0111,CAB4370206.1,64,25,9,0,1,25,499,523,5.28e-05,42.7,84
AMP_0111,ECV23494.1,72,25,7,0,1,25,542,566,5.43e-05,42.7,80
AMP_0111,CAN5242068.1,68,25,8,0,1,25,523,547,5.43e-05,42.7,80
AMP_0111,CAB4622439.1,64,25,9,0,1,25,499,523,6.62e-05,42.7,84
AMP_0111,CAB4571166.1,72,25,7,0,1,25,437,461,6.77e-05,42.7,84
AMP_0111,CAN5864358.1,72,25,7,0,1,25,82,106,7.08e-05,41.2,88
AMP_0111,CAN5323937.1,72,25,7,0,1,25,492,516,7.30e-05,42.4,84
AMP_0111,KGA19702.1,64,25,9,0,1,25,499,523,7.82e-05,42.4,84
AMP_0111,CAB4658886.1,72,25,7,0,1,25,497,521,8.13e-05,42.4,84
AMP_0111,EBV97863.1,72,25,7,0,1,25,267,291,8.67e-05,42.4,88
AMP_0111,CAB4561725.1,68,25,8,0,1,25,511,535,8.87e-05,42.4,80
AMP_0111,CAB4638970.1,76,25,6,0,1,25,243,267,9.05e-05,42.4,80
AMP_0111,CAN5662502.1,68,25,8,0,1,25,510,534,9.23e-05,42.4,88
AMP_0111,KGA19908.1,64,25,9,0,1,25,499,523,9.41e-05,42.4,84
AMP_0111,CAN5687390.1,72,25,7,0,1,25,492,516,9.42e-05,42.4,84
AMP_0111,CAB4601703.1,64,25,9,0,1,25,499,523,9.60e-05,42.4,84
AMP_0111,ECX80348.1,72,25,7,0,1,25,206,230,1.04e-04,42,88
AMP_0111,CAN5420700.1,64,25,9,0,1,25,493,517,1.04e-04,42,84
AMP_0111,ECJ51663.1,64,25,9,0,1,25,208,232,1.11e-04,42,88
AMP_0111,VAW04551.1,68,25,8,0,1,25,337,361,1.15e-04,42,84
AMP_0111,EBO85526.1,76,25,6,0,1,25,127,151,1.15e-04,41.6,80
AMP_0113,ETJ21253.1,62.5,24,9,0,1,24,158,181,0.001,38.9,83.33
AMP_0116,MNG08340.1,68.889,45,14,0,1,45,50,94,1.56e-11,59.7,80
AMP_0116,MNN58390.1,68.293,41,13,0,1,41,50,90,1.00e-08,52,73.17
AMP_0116,MNE71052.1,66.667,45,15,0,1,45,50,94,4.57e-08,50.8,71.11
AMP_0116,MNJ56419.1,66.667,45,15,0,1,45,50,94,5.49e-08,50.8,73.33
AMP_0116,MNC54461.1,66.667,45,15,0,1,45,50,94,3.38e-07,48.5,71.11
AMP_0116,ETJ19659.1,74.074,27,7,0,1,27,15,41,2.31e-04,39.7,81.48
AMP_0116,MNI64648.1,66.667,33,11,0,1,33,50,82,2.42e-04,40.4,72.73
AMP_0116,SVC53184.1,67.857,28,9,0,1,28,17,44,5.17e-04,38.9,75
AMP_0116,SUZ67153.1,66.667,30,10,0,1,30,3,32,0.007,35.8,70
AMP_0116,SVA64660.1,78.261,23,5,0,1,23,42,64,0.01,35.8,78.26
AMP_0117,CAN5589101.1,61.765,34,13,0,1,34,250,283,1.07e-04,43.1,73.53
AMP_0117,CAB4637003.1,50,44,17,1,1,39,243,286,4.73e-04,41.6,65.91
AMP_0117,EDH17169.1,58.824,34,14,0,1,34,246,279,5.49e-04,41.2,70.59
AMP_0117,MCY1233209.1,58.824,34,14,0,1,34,125,158,7.30e-04,40.8,67.65
AMP_0117,EBZ52097.1,57.143,35,15,0,1,35,20,54,7.60e-04,39.3,65.71
AMP_0117,ECW11299.1,57.143,35,15,0,1,35,38,72,0.001,39.7,65.71
AMP_0117,ECE43092.1,58.824,34,14,0,1,34,155,188,0.001,40.4,67.65
AMP_0117,EBG05584.1,58.824,34,14,0,1,34,179,212,0.001,40.4,67.65
AMP_0117,EBF96242.1,58.824,34,14,0,1,34,204,237,0.001,40.4,67.65
AMP_0117,ECD05340.1,57.143,35,15,0,1,35,56,90,0.001,39.7,65.71
AMP_0117,ECW21381.1,58.824,34,14,0,1,34,211,244,0.001,40.4,67.65
AMP_0117,ECW37270.1,58.824,34,14,0,1,34,254,287,0.001,40.4,67.65
AMP_0117,EBU48231.1,58.824,34,14,0,1,34,159,192,0.001,40.4,67.65
AMP_0117,CAB4598506.1,58.824,34,14,0,1,34,241,274,0.001,40,70.59
AMP_0117,ECW01604.1,58.824,34,14,0,1,34,89,122,0.001,39.7,67.65
AMP_0117,CAN5237363.1,46.667,45,24,0,1,45,256,300,0.002,40,57.78
AMP_0117,ECW36323.1,58.824,34,14,0,1,34,94,127,0.002,39.7,67.65
AMP_0117,CAB4536222.1,55.882,34,15,0,1,34,192,225,0.002,39.7,67.65
AMP_0117,CAB4626895.1,55.882,34,15,0,1,34,192,225,0.002,39.7,67.65
AMP_0117,CAB4859068.1,55.882,34,15,0,1,34,241,274,0.002,39.7,67.65
AMP_0117,CAB4862540.1,55.882,34,15,0,1,34,241,274,0.002,39.7,67.65
AMP_0117,CAB4588216.1,55.882,34,15,0,1,34,241,274,0.002,39.7,67.65
AMP_0117,CAB4618586.1,47.727,44,18,1,1,39,253,296,0.002,39.7,65.91
AMP_0117,CAB4873267.1,54.286,35,16,0,1,35,31,65,0.002,38.5,65.71
AMP_0117,ECB75439.1,52.941,34,16,0,1,34,98,131,0.002,39.3,70.59
AMP_0117,CAN5233960.1,55.882,34,15,0,1,34,245,278,0.003,39.3,67.65
AMP_0117,CAN5320720.1,61.765,34,13,0,1,34,247,280,0.003,39.3,67.65
AMP_0117,ECM90248.1,55.882,34,15,0,1,34,211,244,0.003,38.9,67.65
AMP_0117,EBK56980.1,55.882,34,15,0,1,34,246,279,0.003,38.9,67.65
AMP_0117,CAB4641727.1,52.941,34,16,0,1,34,161,194,0.003,38.9,70.59
AMP_0117,CAN5166058.1,58.824,34,14,0,1,34,240,273,0.005,38.5,67.65
AMP_0117,CAN5388656.1,55.882,34,15,0,1,34,243,276,0.008,38.1,67.65
AMP_0117,CAN5366779.1,55.882,34,15,0,1,34,248,281,0.008,38.1,67.65
AMP_0117,CAN5167061.1,55.882,34,15,0,1,34,249,282,0.008,38.1,67.65
AMP_0117,CAN5332933.1,55.882,34,15,0,1,34,277,310,0.008,38.1,67.65
AMP_0117,EDJ03266.1,48.718,39,18,1,1,39,243,279,0.012,37.4,64.1
AMP_0117,CAN5373148.1,42.222,45,25,1,1,44,247,291,0.012,37.4,62.22
AMP_0117,CAN5467009.1,52.941,34,16,0,1,34,257,290,0.016,37,67.65
AMP_0117,CAB4692715.1,40.909,44,21,1,1,39,253,296,0.026,36.6,65.91
AMP_0117,CAN5153819.1,52.941,34,16,0,1,34,249,282,0.03,36.2,64.71
AMP_0119,SVC53184.1,71.429,28,8,0,1,28,12,39,1.91e-04,38.9,78.57
AMP_0119,SUZ85940.1,72,25,7,0,4,28,1,25,0.005,35,80
AMP_0119,MNI64648.1,64.286,28,10,0,1,28,45,72,0.031,34.3,71.43
AMP_0119,CAB4765477.1,64.286,28,10,0,1,28,10,37,0.039,33.1,71.43
AMP_0120,SVD79155.1,74.419,43,11,0,1,43,18,60,6.74e-13,62.8,81.4
AMP_0120,SVA63831.1,61.905,42,16,0,3,44,51,92,2.06e-06,46.2,64.29
AMP_0122,MNN58390.1,71.429,28,8,0,1,28,45,72,0.001,38.1,78.57
AMP_0122,MNJ56419.1,71.429,28,8,0,1,28,45,72,0.001,38.5,78.57
AMP_0122,MNI64648.1,71.429,28,8,0,1,28,45,72,0.002,37.4,78.57
AMP_0122,MNE71052.1,71.429,28,8,0,1,28,45,72,0.002,38.1,78.57
AMP_0122,MNC54461.1,71.429,28,8,0,1,28,45,72,0.002,38.1,78.57
AMP_0122,MNG08340.1,71.429,28,8,0,1,28,45,72,0.002,38.1,78.57
AMP_0122,SUZ85940.1,76,25,6,0,4,28,1,25,0.004,35.4,80
AMP_0122,ETJ19659.1,67.857,28,9,0,1,28,10,37,0.004,35.4,71.43
AMP_0122,SVC12107.1,66.667,27,9,0,1,27,10,36,0.035,33.1,74.07
AMP_0128,MNX67484.1,95.122,41,2,0,1,41,23,63,1.77e-20,80.5,95.12
AMP_0128,MNI61191.1,90.244,41,4,0,1,41,23,63,4.84e-18,74.3,92.68
AMP_0128,EBF85000.1,80.488,41,8,0,1,41,87,127,5.45e-16,70.9,90.24
AMP_0128,MNC24289.1,80.488,41,8,0,1,41,29,69,9.59e-16,68.9,87.8
AMP_0128,MNR65485.1,80.488,41,8,0,1,41,23,63,1.04e-15,68.6,87.8
AMP_0128,MNI25568.1,80.488,41,8,0,1,41,42,82,1.07e-15,68.9,87.8
AMP_0128,MNE09530.1,80.488,41,8,0,1,41,29,69,1.13e-15,68.6,87.8
AMP_0128,MNZ95619.1,82.927,41,7,0,1,41,23,63,1.21e-15,68.6,87.8
AMP_0128,SVA69110.1,78.947,38,8,0,1,38,23,60,4.27e-14,64.3,86.84
AMP_0128,VAW73173.1,73.684,38,10,0,4,41,40,77,3.43e-12,60.1,84.21
AMP_0128,EBF71370.1,90.625,32,3,0,1,32,39,70,8.16e-12,58.9,93.75
AMP_0128,EBG22252.1,82.353,34,6,0,8,41,121,154,1.48e-11,60.5,88.24
AMP_0128,SVE40711.1,77.778,36,8,0,1,36,39,74,7.79e-11,57,83.33
AMP_0128,ECA30446.1,75,36,9,0,1,36,27,62,1.86e-09,52.8,77.78
AMP_0128,EBZ30154.1,71.429,35,10,0,6,40,28,62,3.88e-09,52,80
AMP_0128,ETJ19881.1,80,30,6,0,12,41,44,73,8.95e-09,51.2,86.67
AMP_0128,EBY45737.1,68.571,35,11,0,7,41,40,74,3.48e-08,49.7,74.29
AMP_0128,SVB16136.1,79.31,29,6,0,13,41,35,63,3.60e-08,49.7,86.21
AMP_0128,ECI50267.1,74.194,31,8,0,1,31,60,90,7.39e-08,49.3,83.87
AMP_0128,KKK79560.1,67.647,34,11,0,8,41,39,72,7.98e-08,48.9,82.35
AMP_0128,EBU52140.1,79.31,29,6,0,1,29,63,91,2.22e-07,48.1,82.76
AMP_0128,SVD00820.1,58.333,36,15,0,6,41,28,63,2.37e-07,47.4,72.22
AMP_0128,SVA99445.1,72.414,29,8,0,6,34,28,56,5.57e-06,43.9,75.86
AMP_0128,SUZ91065.1,61.29,31,12,0,11,41,35,65,6.14e-06,43.9,77.42
AMP_0128,SVA52540.1,67.742,31,10,0,6,36,35,65,7.80e-05,41.2,70.97
AMP_0128,ECT99871.1,70.37,27,8,0,6,32,36,62,1.04e-04,40.8,77.78
AMP_0128,EBP53572.1,54.545,33,15,0,4,36,163,195,0.001,40.4,72.73
AMP_0128,SVC42329.1,73.913,23,6,0,14,36,4,26,0.001,38.1,82.61
AMP_0128,EDJ09216.1,55.882,34,15,0,8,41,140,173,0.001,39.7,67.65
AMP_0128,ECV54369.1,70.833,24,7,0,13,36,131,154,0.002,39.3,79.17
AMP_0128,EBK08930.1,80.952,21,4,0,12,32,52,72,0.002,37.7,85.71
AMP_0128,KKK53386.1,58.065,31,13,0,6,36,28,58,0.002,38.5,74.19
AMP_0128,ECW97987.1,80.952,21,4,0,12,32,64,84,0.003,37.7,85.71
AMP_0128,SVD56124.1,78.947,19,4,0,19,37,42,60,0.007,36.2,89.47
AMP_0128,EBJ34349.1,80,20,4,0,12,31,60,79,0.01,36.2,85
AMP_0130,MNU18826.1,77.419,31,7,0,1,31,1,31,6.51e-10,55.1,93.55
AMP_0130,MPL56327.1,77.419,31,7,0,1,31,1,31,7.02e-10,55.1,93.55
AMP_0130,MNK19020.1,77.419,31,7,0,1,31,1,31,3.14e-09,53.1,93.55
AMP_0130,KKK87759.1,70.968,31,9,0,1,31,1,31,6.46e-08,50.1,83.87
AMP_0130,CAI8309378.1,72.414,29,8,0,1,29,1,29,3.37e-07,48.1,82.76
AMP_0130,EBK85118.1,74.194,31,8,0,1,31,1,31,4.04e-07,47.8,80.65
AMP_0130,ECT61458.1,61.29,31,12,0,1,31,1,31,4.50e-07,47.8,80.65
AMP_0130,MCY1220231.1,68.966,29,9,0,1,29,1,29,4.60e-07,47.8,89.66
AMP_0130,EBK58298.1,64.516,31,11,0,1,31,2,32,6.22e-07,46.6,77.42
AMP_0130,EDA19643.1,64.516,31,11,0,1,31,2,32,7.90e-07,47,77.42
AMP_0130,ECY82433.1,64.516,31,11,0,1,31,2,32,8.42e-07,47,77.42
AMP_0130,EBH91030.1,64.516,31,11,0,1,31,2,32,8.51e-07,47,77.42
AMP_0130,EDD44425.1,64.516,31,11,0,1,31,2,32,8.60e-07,47,77.42
AMP_0130,EDB21173.1,64.516,31,11,0,1,31,2,32,9.27e-07,47,77.42
AMP_0130,EDA13384.1,68.966,29,9,0,1,29,2,30,9.99e-07,47,79.31
AMP_0130,EDI97813.1,64.516,31,11,0,1,31,2,32,1.21e-06,46.6,77.42
AMP_0130,EDB34983.1,70.968,31,9,0,1,31,1,31,1.24e-06,46.6,77.42
AMP_0130,EDC99272.1,64.516,31,11,0,1,31,2,32,1.25e-06,46.6,77.42
AMP_0130,EBH35838.1,64.516,31,11,0,1,31,1,31,1.31e-06,46.6,77.42
AMP_0130,ECZ80976.1,61.29,31,12,0,1,31,2,32,1.36e-06,46.6,77.42
AMP_0130,VAW25346.1,61.29,31,12,0,1,31,1,31,1.95e-06,46.2,80.65
AMP_0130,KKO07728.1,64.516,31,11,0,1,31,1,31,1.97e-06,46.2,80.65
AMP_0130,EDI27697.1,64.516,31,11,0,1,31,2,32,2.20e-06,45.8,77.42
AMP_0130,EDB93404.1,67.742,31,10,0,1,31,1,31,2.63e-06,45.8,80.65
AMP_0130,EDB36943.1,65.517,29,10,0,1,29,2,30,2.64e-06,45.8,82.76
AMP_0130,EBO28518.1,61.29,31,12,0,1,31,1,31,2.65e-06,44.3,77.42
AMP_0130,EBB10442.1,63.333,30,11,0,2,31,3,32,2.89e-06,44.7,80
AMP_0130,ECA79943.1,70.968,31,9,0,1,31,1,31,3.22e-06,45.4,80.65
AMP_0130,ECY52519.1,67.742,31,10,0,1,31,1,31,3.44e-06,45.4,74.19
AMP_0130,ECW74273.1,64.516,31,11,0,1,31,1,31,3.66e-06,45.4,77.42
AMP_0130,EDG45456.1,65.517,29,10,0,1,29,2,30,3.76e-06,45.4,79.31
AMP_0130,EDC99045.1,67.742,31,10,0,1,31,1,31,3.78e-06,45.4,80.65
AMP_0130,MNK16797.1,65.517,29,10,0,1,29,1,29,4.08e-06,45.1,86.21
AMP_0130,EBG16370.1,61.29,31,12,0,1,31,4,34,4.18e-06,45.1,77.42
AMP_0130,CAN5333859.1,64.516,31,11,0,1,31,1,31,4.44e-06,45.1,83.87
AMP_0130,EBE43932.1,61.29,31,12,0,1,31,1,31,5.10e-06,45.1,77.42
AMP_0130,EDC64777.1,61.29,31,12,0,1,31,1,31,5.32e-06,45.1,77.42
AMP_0130,EDB82638.1,63.333,30,11,0,2,31,3,32,5.76e-06,44.7,80
AMP_0130,EBF40602.1,84,25,4,0,7,31,11,35,5.80e-06,44.7,88
AMP_0130,CAN5835219.1,74.074,27,7,0,5,31,7,33,5.91e-06,44.7,88.89
AMP_0130,MNT34351.1,65.517,29,10,0,1,29,1,29,6.45e-06,44.7,82.76
AMP_0130,EDB76471.1,64.516,31,11,0,1,31,1,31,7.49e-06,44.7,80.65
AMP_0130,EDC82075.1,61.29,31,12,0,1,31,1,31,7.57e-06,44.7,80.65
AMP_0130,EDA45455.1,61.29,31,12,0,1,31,2,32,7.60e-06,44.7,77.42
AMP_0130,EDB85417.1,64.516,31,11,0,1,31,1,31,7.90e-06,44.3,74.19
AMP_0130,ECM96388.1,61.29,31,12,0,1,31,1,31,7.98e-06,44.3,80.65
AMP_0130,EBN58259.1,66.667,30,10,0,2,31,4,33,9.89e-06,43.9,76.67
AMP_0130,EDB53042.1,67.742,31,10,0,1,31,1,31,1.01e-05,44.3,70.97
AMP_0130,EDI16409.1,63.333,30,11,0,2,31,28,57,1.05e-05,44.7,80
AMP_0130,EBX81983.1,61.29,31,12,0,1,31,1,31,1.06e-05,44.3,77.42
AMP_0130,EBE30111.1,63.333,30,11,0,2,31,3,32,1.09e-05,43.5,80
AMP_0130,ECD35960.1,58.065,31,13,0,1,31,24,54,1.11e-05,44.3,80.65
AMP_0130,ECW89523.1,58.065,31,13,0,1,31,24,54,1.14e-05,44.3,80.65
AMP_0130,EBK77359.1,58.065,31,13,0,1,31,24,54,1.14e-05,44.3,80.65
AMP_0130,EBJ95384.1,67.742,31,10,0,1,31,1,31,1.20e-05,43.9,80.65
AMP_0130,ECY77089.1,64.516,31,11,0,1,31,1,31,1.23e-05,43.1,77.42
AMP_0130,MND85241.1,67.742,31,10,0,1,31,1,31,1.30e-05,43.9,80.65
AMP_0130,MNL04065.1,67.742,31,10,0,1,31,1,31,1.36e-05,43.9,80.65
AMP_0130,EBL45469.1,68.966,29,9,0,2,30,4,32,1.45e-05,43.9,79.31
AMP_0130,ECG12030.1,64.516,31,11,0,1,31,1,31,1.67e-05,43.5,80.65
AMP_0130,ECJ39668.1,74.074,27,7,0,5,31,7,33,1.67e-05,42.4,81.48
AMP_0130,EBF90526.1,70,30,9,0,2,31,24,53,1.75e-05,43.9,76.67
AMP_0130,EBI43054.1,61.29,31,12,0,1,31,1,31,1.81e-05,43.5,74.19
AMP_0130,EDH45526.1,63.333,30,11,0,2,31,4,33,1.83e-05,43.5,80
AMP_0130,ECI36442.1,67.742,31,10,0,1,31,1,31,1.89e-05,43.5,77.42
AMP_0130,ECZ28973.1,63.333,30,11,0,2,31,5,34,1.94e-05,43.5,76.67
AMP_0130,EDC87165.1,67.742,31,10,0,1,31,1,31,2.00e-05,43.5,70.97
AMP_0130,VAW18530.1,64.516,31,11,0,1,31,1,31,2.06e-05,43.5,74.19
AMP_0130,EBQ77013.1,61.29,31,12,0,1,31,2,32,2.20e-05,42.4,74.19
AMP_0130,KKN15795.1,79.167,24,5,0,8,31,10,33,2.31e-05,43.1,91.67
AMP_0130,EBJ76215.1,64.516,31,11,0,1,31,1,31,2.50e-05,43.1,80.65
AMP_0130,EBH01411.1,74.074,27,7,0,5,31,7,33,2.56e-05,42.4,81.48
AMP_0130,CAN5426089.1,61.29,31,12,0,1,31,1,31,2.58e-05,43.1,77.42
AMP_0130,EDJ19474.1,64.516,31,11,0,1,31,5,35,2.82e-05,43.1,70.97
AMP_0130,CAN5673672.1,83.333,24,4,0,8,31,10,33,2.89e-05,43.1,87.5
AMP_0130,CAN5588053.1,70,30,9,0,2,31,26,55,2.96e-05,43.5,83.33
AMP_0130,EBV11117.1,63.333,30,11,0,2,31,4,33,3.01e-05,43.1,80
AMP_0130,ECL52373.1,61.29,31,12,0,1,31,1,31,3.12e-05,42.7,80.65
AMP_0130,EDH19902.1,58.065,31,13,0,1,31,8,38,3.19e-05,43.1,74.19
AMP_0130,EDB43908.1,61.29,31,12,0,1,31,2,32,3.49e-05,42.7,77.42
AMP_0130,CAN5489147.1,58.065,31,13,0,1,31,1,31,3.51e-05,42.7,77.42
AMP_0130,EDG54989.1,66.667,27,9,0,5,31,7,33,3.55e-05,41.6,77.78
AMP_0130,MPM12940.1,70.37,27,8,0,5,31,14,40,3.80e-05,42.7,81.48
AMP_0130,SVC02696.1,79.167,24,5,0,8,31,13,36,4.17e-05,41.2,83.33
AMP_0130,EBU93829.1,65.517,29,10,0,1,29,2,30,4.22e-05,42.7,79.31
AMP_0130,EBQ34800.1,62.069,29,11,0,1,29,2,30,4.40e-05,42.4,75.86
AMP_0130,EDB88947.1,58.065,31,13,0,1,31,4,34,4.44e-05,41.6,74.19
AMP_0130,SVA67280.1,58.065,31,13,0,1,31,1,31,4.58e-05,42.4,77.42
AMP_0130,EDI13124.1,64.516,31,11,0,1,31,1,31,4.68e-05,42.4,70.97
AMP_0130,KKN83996.1,79.167,24,5,0,8,31,10,33,4.76e-05,42.4,87.5
AMP_0130,CAN5609848.1,65.385,26,9,0,4,29,2,27,4.80e-05,42.4,80.77
AMP_0130,EBP47093.1,54.839,31,14,0,1,31,1,31,4.83e-05,42.4,77.42
AMP_0130,EBQ76378.1,54.839,31,14,0,1,31,1,31,4.83e-05,42.4,77.42
AMP_0130,EBQ21113.1,54.839,31,14,0,1,31,1,31,4.93e-05,42.4,77.42
AMP_0130,ECA47195.1,58.065,31,13,0,1,31,4,34,5.42e-05,41.6,74.19
AMP_0130,EBX98668.1,62.069,29,11,0,1,29,1,29,5.49e-05,42.4,75.86
AMP_0130,ECA47193.1,58.065,31,13,0,1,31,4,34,5.82e-05,41.6,74.19
AMP_0130,MPM51442.1,70.37,27,8,0,5,31,14,40,5.87e-05,42.4,81.48
AMP_0130,EBV59909.1,63.333,30,11,0,2,31,4,33,5.99e-05,41.6,73.33
AMP_0130,EBJ75217.1,58.065,31,13,0,1,31,4,34,6.02e-05,41.2,74.19
AMP_0137,SUZ85940.1,76,25,6,0,4,28,1,25,0.004,35.4,80
AMP_0137,MNI64648.1,71.429,28,8,0,1,28,45,72,0.006,35.8,71.43
AMP_0137,MNJ56419.1,71.429,28,8,0,1,28,45,72,0.011,36.2,71.43
AMP_0137,MNE71052.1,71.429,28,8,0,1,28,45,72,0.012,35.8,71.43
AMP_0137,MNC54461.1,71.429,28,8,0,1,28,45,72,0.013,35.8,71.43
AMP_0137,MNG08340.1,71.429,28,8,0,1,28,45,72,0.013,35.8,71.43
AMP_0137,MNN58390.1,71.429,28,8,0,1,28,45,72,0.014,35.4,71.43
AMP_0142,EBT39675.1,84.615,26,4,0,1,26,38,63,2.73e-08,49.3,92.31
AMP_0142,EBT48479.1,84.615,26,4,0,1,26,49,74,2.52e-07,47,92.31
AMP_0142,ECL10471.1,76.923,26,6,0,1,26,49,74,3.52e-06,44.3,84.62
AMP_0142,ECX76999.1,73.077,26,7,0,1,26,49,74,1.47e-05,43.1,84.62
AMP_0142,ECK85531.1,73.077,26,7,0,1,26,49,74,1.52e-05,42.7,84.62
AMP_0142,EBS50274.1,73.077,26,7,0,1,26,49,74,1.52e-05,42.7,84.62
AMP_0142,ECZ52483.1,73.077,26,7,0,1,26,49,74,4.52e-05,41.6,80.77
AMP_0142,ECP79417.1,69.231,26,8,0,1,26,49,74,4.83e-05,41.6,80.77
AMP_0142,EBR98219.1,73.077,26,7,0,1,26,65,90,7.52e-05,41.6,84.62
AMP_0142,EBZ37618.1,73.077,26,7,0,1,26,66,91,8.37e-05,41.2,84.62
AMP_0142,EBH00578.1,73.077,26,7,0,1,26,63,88,8.68e-05,41.2,84.62
AMP_0142,EBD10144.1,69.231,26,8,0,1,26,49,74,1.53e-04,40,84.62
AMP_0142,EBD71540.1,69.231,26,8,0,1,26,19,44,1.98e-04,39.3,76.92
AMP_0142,EBY05929.1,69.231,26,8,0,1,26,36,61,2.60e-04,39.3,84.62
AMP_0142,ECM69414.1,69.231,26,8,0,1,26,65,90,4.57e-04,39.3,84.62
AMP_0142,EBT87288.1,69.231,26,8,0,1,26,68,93,4.60e-04,39.3,84.62
AMP_0142,EBT75660.1,69.231,26,8,0,1,26,64,89,4.69e-04,38.9,84.62
AMP_0142,EBT43830.1,69.231,26,8,0,1,26,65,90,4.77e-04,38.9,84.62
AMP_0142,EBB47047.1,69.231,26,8,0,1,26,65,90,4.87e-04,38.9,84.62
AMP_0142,EBC93325.1,69.231,26,8,0,1,26,65,90,4.93e-04,38.9,84.62
AMP_0142,EBT79800.1,69.231,26,8,0,1,26,65,90,4.95e-04,38.9,84.62
AMP_0142,EBT70060.1,69.231,26,8,0,1,26,64,89,5.00e-04,38.9,84.62
AMP_0142,ECF61456.1,69.231,26,8,0,1,26,50,75,5.09e-04,38.5,84.62
AMP_0142,EBO33434.1,73.077,26,7,0,1,26,49,74,0.001,38.1,84.62
AMP_0142,EBR60348.1,69.231,26,8,0,1,26,66,91,0.001,38.1,80.77
AMP_0142,ECO55627.1,65.385,26,9,0,1,26,19,44,0.002,37,73.08
AMP_0142,ECY22019.1,65.385,26,9,0,1,26,54,79,0.004,36.6,73.08
AMP_0142,ECZ11994.1,65.385,26,9,0,1,26,84,109,0.005,36.6,76.92
AMP_0142,EBC93583.1,69.565,23,7,0,1,23,65,87,0.005,36.2,86.96
AMP_0142,EBT48840.1,65.385,26,9,0,1,26,95,120,0.006,36.6,76.92
AMP_0142,EBU34078.1,65.385,26,9,0,1,26,65,90,0.007,36.2,73.08
AMP_0142,ECY14557.1,65.385,26,9,0,1,26,59,84,0.007,35.8,73.08
AMP_0142,ECT05227.1,65.385,26,9,0,1,26,52,77,0.008,35.8,73.08
AMP_0142,EBF65396.1,65.385,26,9,0,1,26,51,76,0.009,35.8,73.08
AMP_0142,ECA40931.1,65.385,26,9,0,1,26,65,90,0.01,35.8,73.08
AMP_0142,EBD01076.1,65.385,26,9,0,1,26,22,47,0.01,35,73.08
AMP_0142,EBC93041.1,65.385,26,9,0,1,26,46,71,0.028,34.3,73.08
AMP_0142,EBC93974.1,65.385,26,9,0,1,26,44,69,0.031,33.9,73.08
AMP_0145,EBO54847.1,88.889,18,2,0,1,18,289,306,0.006,37.4,94.44
AMP_0146,MNP16307.1,43.243,37,21,0,1,37,31,67,8.76e-05,41.6,62.16
AMP_0146,MNH29087.1,43.243,37,21,0,1,37,49,85,1.23e-04,41.6,62.16
AMP_0146,MNO55635.1,40.541,37,22,0,1,37,6,42,1.24e-04,40.4,62.16
AMP_0146,CAN5763796.1,51.22,41,19,1,1,40,82,122,1.39e-04,42,65.85
AMP_0146,MCY1462583.1,47.059,34,18,0,3,36,44,77,1.40e-04,41.2,64.71
AMP_0146,MNZ21784.1,42.105,38,22,0,1,38,91,128,3.80e-04,40.8,60.53
AMP_0146,MNV96686.1,40.541,37,22,0,1,37,70,106,6.04e-04,40,62.16
AMP_0146,MNR62208.1,34.884,43,28,0,1,43,10,52,8.23e-04,38.5,53.49
AMP_0146,VFR61334.1,41.86,43,25,0,1,43,84,126,8.87e-04,39.7,58.14
AMP_0146,VFR32493.1,41.86,43,25,0,1,43,71,113,8.98e-04,39.7,58.14
AMP_0146,EBI87719.1,41.463,41,24,0,4,44,96,136,0.001,39.7,53.66
AMP_0146,CAN5777034.1,53.125,32,15,0,1,32,196,227,0.001,40.4,65.62
AMP_0146,MNC17146.1,39.474,38,23,0,1,38,91,128,0.001,39.7,60.53
AMP_0146,MNO33923.1,39.474,38,23,0,1,38,91,128,0.001,39.7,60.53
AMP_0146,MNL98883.1,39.474,38,23,0,1,38,91,128,0.002,39.3,60.53
AMP_0146,MCY1193888.1,39.474,38,23,0,1,38,91,128,0.002,39.3,60.53
AMP_0146,VFR32504.1,40.476,42,25,0,3,44,86,127,0.002,38.9,59.52
AMP_0146,MCY1181076.1,36.842,38,24,0,1,38,91,128,0.002,38.9,60.53
AMP_0146,MNJ77326.1,43.243,37,21,0,1,37,42,78,0.003,37.7,54.05
AMP_0146,CAN5704059.1,48.571,35,18,0,1,35,94,128,0.003,38.9,60
AMP_0146,MNJ78222.1,35.135,37,24,0,1,37,31,67,0.003,37.4,62.16
AMP_0146,MNJ07553.1,44.444,36,20,0,3,38,93,128,0.004,38.1,55.56
AMP_0146,EBN98509.1,47.059,34,17,1,4,36,47,80,0.006,37,67.65
AMP_0146,MNZ71873.1,44.118,34,19,0,3,36,72,105,0.006,37.4,58.82
AMP_0146,MNG84985.1,36.842,38,24,0,1,38,91,128,0.008,37.4,60.53
AMP_0146,MND30729.1,46.154,39,20,1,3,40,93,131,0.009,37.4,58.97
AMP_0146,ECY06323.1,47.059,34,17,1,4,36,92,125,0.009,37,67.65
AMP_0146,EBP28623.1,47.059,34,17,1,4,36,75,108,0.012,36.6,67.65
AMP_0146,ECX98453.1,44.118,34,18,1,4,36,94,127,0.015,36.6,67.65
AMP_0146,MOA24347.1,38.889,36,22,0,3,38,93,128,0.017,36.6,58.33
AMP_0146,MNJ47683.1,41.176,34,20,0,3,36,44,77,0.02,35.8,55.88
AMP_0146,MNG97053.1,38.889,36,22,0,3,38,93,128,0.02,36.2,55.56
AMP_0146,CAN5776477.1,41.304,46,24,2,1,44,99,143,0.039,35.8,56.52
AMP_0146,EDI33960.1,41.176,34,19,1,4,36,92,125,0.04,35.4,67.65
AMP_0148,ETJ19659.1,62.069,29,11,0,5,33,14,42,0.004,35.8,72.41
AMP_0150,MNW24877.1,64,25,9,0,5,29,1,25,4.17e-05,43.5,92
AMP_0150,ECS63796.1,69.565,23,7,0,8,30,3,25,4.40e-05,43.1,95.65
AMP_0150,CAB4600804.1,57.692,26,11,0,5,30,1,26,4.22e-04,40.8,92.31
AMP_0150,CAB4691098.1,54.167,24,11,0,7,30,6,29,0.001,39.7,91.67
AMP_0150,CAN5837621.1,63.636,22,8,0,8,29,5,26,0.001,39.3,86.36
AMP_0150,CAN5425056.1,54.167,24,11,0,7,30,4,27,0.001,39.3,83.33
AMP_0150,CAB4532250.1,52.174,23,11,0,8,30,7,29,0.002,38.9,95.65
AMP_0150,CAB4608341.1,52.174,23,11,0,8,30,7,29,0.002,38.9,95.65
AMP_0150,CAB4622653.1,63.636,22,8,0,8,29,6,27,0.002,38.5,90.91
AMP_0150,CAB4667905.1,54.545,22,10,0,9,30,8,29,0.004,37.7,95.45
AMP_0150,CAB4535061.1,50,26,13,0,4,29,2,27,0.005,37.7,80.77
AMP_0150,SVB40657.1,61.905,21,8,0,9,29,3,23,0.009,36.6,85.71
AMP_0150,CAN5874412.1,51.724,29,14,0,1,29,1,29,0.009,37,65.52
AMP_0150,MBA7526999.1,50,24,12,0,7,30,2,25,0.014,35.8,87.5
AMP_0150,ECN24463.1,50,24,12,0,5,28,112,135,0.041,35,70.83
AMP_0151,ETJ19659.1,68.966,29,9,0,4,32,13,41,0.038,33.5,75.86
AMP_0152,ETJ19659.1,70.968,31,9,0,2,32,11,41,2.28e-05,41.6,74.19
AMP_0165,CAB4920531.1,61.905,42,16,0,1,42,270,311,2.96e-11,61.6,76.19
AMP_0165,CAN5752411.1,60.976,41,16,0,2,42,261,301,1.18e-10,60.1,73.17
AMP_0165,CAB4329633.1,57.143,42,18,0,1,42,265,306,1.58e-10,59.7,76.19
AMP_0165,CAN5700615.1,51.163,43,21,0,1,43,269,311,7.31e-10,57.8,74.42
AMP_0165,MNP65281.1,53.488,43,20,0,1,43,45,87,8.87e-10,54.3,72.09
AMP_0165,CAN5385943.1,57.143,42,18,0,1,42,288,329,1.07e-09,57.4,73.81
AMP_0165,CAN5782292.1,54.762,42,19,0,2,43,13,54,2.39e-09,52.8,73.81
AMP_0165,MNW62703.1,53.488,43,20,0,1,43,89,131,2.56e-09,54.3,72.09
AMP_0165,CAB4962616.1,53.333,45,21,0,1,45,267,311,4.91e-09,55.5,66.67
AMP_0165,CAB4330350.1,51.163,43,21,0,1,43,317,359,4.93e-09,55.5,74.42
AMP_0165,CAN5799218.1,53.488,43,20,0,1,43,263,305,5.37e-09,55.5,74.42
AMP_0165,ECV20968.1,52.381,42,20,0,1,42,20,61,5.79e-09,52,71.43
AMP_0165,CAN5562499.1,56.818,44,19,0,1,44,277,320,6.27e-09,55.1,68.18
AMP_0165,CUR61441.1,53.333,45,21,0,1,45,267,311,7.45e-09,55.1,64.44
AMP_0165,CAN5501703.1,53.333,45,21,0,1,45,265,309,7.72e-09,54.7,64.44
AMP_0165,CAN5333479.1,55.556,45,20,0,1,45,267,311,9.26e-09,54.7,66.67
AMP_0165,CAB4754580.1,51.111,45,22,0,1,45,267,311,9.45e-09,54.7,64.44
AMP_0165,CAN5140233.1,53.333,45,21,0,1,45,265,309,9.80e-09,54.7,68.89
AMP_0165,MNL55402.1,57.5,40,17,0,2,41,43,82,1.06e-08,51.6,75
AMP_0165,CAB4646472.1,54.762,42,19,0,1,42,265,306,1.11e-08,54.3,76.19
AMP_0165,MNW45714.1,50,42,21,0,2,43,87,128,1.18e-08,52.4,78.57
AMP_0165,MNO42372.1,50,42,21,0,2,43,263,304,1.23e-08,54.3,78.57
AMP_0165,MNS55994.1,52.381,42,20,0,2,43,266,307,1.42e-08,54.3,71.43
AMP_0165,CAN5247156.1,55.556,45,20,0,1,45,265,309,1.55e-08,53.9,66.67
AMP_0165,CAN5827937.1,57.143,42,18,0,1,42,258,299,1.59e-08,53.9,64.29
AMP_0165,CAN5777386.1,54.545,44,20,0,2,45,281,324,1.66e-08,53.9,68.18
AMP_0165,CAN5233954.1,57.778,45,18,1,1,45,275,318,1.75e-08,53.9,68.89
AMP_0165,OIQ77356.1,53.659,41,19,0,1,41,265,305,2.19e-08,53.5,73.17
AMP_0165,GAG78190.1,41.86,43,25,0,1,43,35,77,2.28e-08,50.4,74.42
AMP_0165,VAW00080.1,52.381,42,20,0,1,42,18,59,2.39e-08,50.1,69.05
AMP_0165,CAN5617190.1,57.143,42,18,0,2,43,261,302,2.61e-08,53.5,71.43
AMP_0165,EDF93612.1,52.381,42,20,0,1,42,146,187,2.72e-08,52.8,71.43
AMP_0165,CAB4730519.1,51.111,45,22,0,1,45,267,311,2.81e-08,53.1,62.22
AMP_0165,CAN5552546.1,53.488,43,20,0,1,43,260,302,3.15e-08,53.1,69.77
AMP_0165,CAN5708743.1,52.381,42,20,0,2,43,268,309,3.19e-08,53.1,76.19
AMP_0165,CAN5797218.1,53.333,45,21,0,1,45,276,320,3.39e-08,53.1,64.44
AMP_0165,CAN5315887.1,53.333,45,21,0,1,45,267,311,3.42e-08,53.1,64.44
AMP_0165,MPM36939.1,55.556,45,20,0,1,45,265,309,3.49e-08,53.1,66.67
AMP_0165,CAN5675320.1,53.488,43,20,0,1,43,260,302,3.73e-08,52.8,69.77
AMP_0165,CAN5636906.1,52.273,44,21,0,2,45,267,310,3.92e-08,52.8,65.91
AMP_0165,CAN5479506.1,53.333,45,21,0,1,45,275,319,3.93e-08,52.8,64.44
AMP_0165,CAN5901708.1,57.143,42,18,0,1,42,265,306,4.50e-08,52.8,66.67
AMP_0165,CAN5598861.1,54.762,42,19,0,1,42,265,306,4.59e-08,52.8,69.05
AMP_0165,CAN5849166.1,51.22,41,20,0,1,41,263,303,4.90e-08,52.8,70.73
AMP_0165,CAN5760191.1,54.545,44,20,0,2,45,412,455,5.07e-08,52.8,65.91
AMP_0165,CAN5167992.1,54.762,42,19,0,1,42,264,305,5.15e-08,52.4,69.05
AMP_0165,CAN5513048.1,61.364,44,17,0,2,45,388,431,5.22e-08,52.8,70.45
AMP_0165,MNM96746.1,50,42,21,0,2,43,272,313,5.56e-08,52.4,78.57
AMP_0165,CAN5143427.1,55,40,18,0,2,41,242,281,6.27e-08,52.4,70
AMP_0165,CAN5756179.1,47.727,44,23,0,1,44,266,309,6.40e-08,52.4,75
AMP_0165,CAB4698738.1,52.381,42,20,0,1,42,265,306,6.55e-08,52.4,71.43
AMP_0165,CAB4680076.1,52.381,42,20,0,1,42,265,306,6.81e-08,52.4,71.43
AMP_0165,CAN5619460.1,54.762,42,19,0,1,42,265,306,6.88e-08,52.4,66.67
AMP_0165,CAN5419077.1,51.163,43,21,0,2,44,263,305,7.25e-08,52,72.09
AMP_0165,CAN5685892.1,51.111,45,22,0,1,45,264,308,7.37e-08,52,71.11
AMP_0165,CAN5310791.1,51.111,45,22,0,1,45,267,311,7.39e-08,52,64.44
AMP_0165,CAN5812360.1,53.333,45,21,0,1,45,273,317,8.14e-08,52,71.11
AMP_0165,CAN5899926.1,51.163,43,21,0,2,44,263,305,8.32e-08,52,72.09
AMP_0165,CAN5199013.1,55.556,45,20,0,1,45,263,307,8.37e-08,52,64.44
AMP_0165,MNF06502.1,56.757,37,16,0,5,41,46,82,9.68e-08,49.3,75.68
AMP_0165,CAN5872767.1,57.143,42,18,0,1,42,277,318,9.74e-08,51.6,64.29
AMP_0165,MMZ49589.1,51.22,41,20,0,2,42,264,304,1.06e-07,51.6,70.73
AMP_0165,CAN5167859.1,53.333,45,21,0,1,45,276,320,1.10e-07,51.6,64.44
AMP_0165,CAN5775007.1,54.762,42,19,0,1,42,260,301,1.11e-07,51.6,66.67
AMP_0165,CAN5495864.1,51.111,45,22,0,1,45,267,311,1.14e-07,51.6,64.44
AMP_0165,CAN5598057.1,53.488,43,20,0,2,44,392,434,1.32e-07,51.6,74.42
AMP_0165,CAN5290178.1,53.333,45,21,0,1,45,276,320,1.39e-07,51.2,64.44
AMP_0165,CUR54464.1,48.889,45,23,0,1,45,267,311,1.48e-07,51.2,64.44
AMP_0165,EBA97883.1,46.341,41,22,0,1,41,215,255,1.56e-07,51.2,68.29
AMP_0165,ECF59234.1,52.381,42,20,0,1,42,52,93,1.81e-07,48.9,71.43
AMP_0165,CAB4910197.1,54.762,42,19,0,1,42,264,305,2.32e-07,50.8,66.67
AMP_0165,VAW06524.1,50,40,20,0,1,40,261,300,2.33e-07,50.8,72.5
AMP_0165,ECW59767.1,45.238,42,23,0,1,42,80,121,2.34e-07,49.3,69.05
AMP_0165,CAN5450359.1,54.054,37,17,0,6,42,265,301,2.50e-07,50.4,72.97
AMP_0165,EDB39298.1,45.238,42,23,0,1,42,283,324,2.73e-07,50.4,69.05
AMP_0165,CAN5772488.1,60,40,16,0,2,41,268,307,2.74e-07,50.4,70
AMP_0165,ECO79694.1,53.659,41,19,0,1,41,28,68,3.19e-07,47.4,73.17
AMP_0165,MNE87770.1,48.837,43,22,0,1,43,61,103,3.20e-07,48.1,67.44
AMP_0165,CAN5196220.1,48.837,43,22,0,1,43,262,304,3.29e-07,50.4,67.44
AMP_0165,CAN5675125.1,48.837,43,22,0,1,43,262,304,3.33e-07,50.4,67.44
AMP_0165,CBI00538.1,53.488,43,20,0,1,43,228,270,3.37e-07,50.1,72.09
AMP_0165,CAB4846140.1,50,42,21,0,1,42,42,83,3.42e-07,47.8,78.57
AMP_0165,EBR91134.1,55,40,18,0,2,41,88,127,3.44e-07,48.9,70
AMP_0165,EBW39244.1,57.5,40,17,0,2,41,227,266,3.58e-07,50.1,70
AMP_0165,MNQ15026.1,56.757,37,16,0,5,41,316,352,3.84e-07,50.1,75.68
AMP_0165,KUG25404.1,47.222,36,19,0,6,41,255,290,3.93e-07,50.1,72.22
AMP_0165,CAN5519689.1,53.659,41,19,0,2,42,264,304,3.94e-07,50.1,68.29
AMP_0165,EBY26301.1,45.238,42,23,0,1,42,137,178,4.12e-07,49.3,69.05
AMP_0165,CAN5351833.1,51.163,43,21,0,2,44,263,305,4.46e-07,50.1,74.42
AMP_0165,CAN5876198.1,57.5,40,17,0,2,41,265,304,4.62e-07,50.1,70
AMP_0165,MNS25029.1,56.757,37,16,0,5,41,287,323,4.68e-07,50.1,75.68
AMP_0165,CAN5136468.1,57.5,40,17,0,2,41,265,304,4.75e-07,49.7,70
AMP_0165,MNX35095.1,56.757,37,16,0,5,41,283,319,4.77e-07,49.7,75.68
AMP_0165,CAN5695015.1,57.143,42,18,0,2,43,317,358,4.81e-07,49.7,69.05
AMP_0165,MMZ64807.1,48.837,43,22,0,1,43,92,134,5.11e-07,48.5,67.44
AMP_0165,CAN5142059.1,50,44,22,0,1,44,266,309,5.29e-07,49.7,70.45
AMP_0165,CAN5299851.1,50,38,19,0,6,43,268,305,5.30e-07,49.7,76.32
AMP_0165,EDC65717.1,61.29,31,12,0,1,31,256,286,5.34e-07,49.7,77.42
AMP_0165,MCY1536053.1,51.22,41,20,0,5,45,101,141,5.47e-07,48.5,68.29
AMP_0165,EBH75113.1,48.78,41,21,0,2,42,236,276,5.63e-07,49.7,65.85
AMP_0166,SVD79155.1,65.854,41,14,0,1,41,18,58,1.49e-08,51.2,70.73
AMP_0166,SVA63831.1,52.632,38,18,0,3,40,51,88,0.003,37.7,60.53
AMP_0181,SVD79155.1,67.857,28,9,0,4,31,20,47,1.03e-04,41.2,82.14
AMP_0181,SVA63831.1,67.857,28,9,0,4,31,51,78,4.60e-04,39.3,71.43
AMP_0183,MNN58390.1,62.069,29,11,0,6,34,49,77,2.59e-04,40,82.76
AMP_0183,MNE71052.1,62.069,29,11,0,6,34,49,77,4.39e-04,40,82.76
AMP_0183,MNG08340.1,62.963,27,10,0,6,32,49,75,0.002,38.1,81.48
AMP_0184,MNI64648.1,70.37,27,8,0,1,27,45,71,0.001,37.7,74.07
AMP_0184,MNN58390.1,70.37,27,8,0,1,27,45,71,0.005,36.6,74.07
AMP_0184,MNJ56419.1,70.37,27,8,0,1,27,45,71,0.006,36.6,74.07
AMP_0184,MNG08340.1,70.37,27,8,0,1,27,45,71,0.007,36.6,74.07
AMP_0184,MNE71052.1,70.37,27,8,0,1,27,45,71,0.007,36.6,74.07
AMP_0184,MNC54461.1,70.37,27,8,0,1,27,45,71,0.008,36.6,74.07
AMP_0184,ETJ19659.1,66.667,27,9,0,1,27,10,36,0.009,34.7,70.37
AMP_0184,SVC12107.1,69.565,23,7,0,1,23,10,32,0.038,33.1,73.91
AMP_0184,SUZ67153.1,69.565,23,7,0,5,27,2,24,0.038,33.1,73.91
AMP_0184,SUZ85940.1,69.565,23,7,0,5,27,2,24,0.046,32.7,78.26
AMP_0186,MNP87028.1,75,36,9,0,3,38,17,52,8.53e-11,55.8,83.33
AMP_0186,MNC78224.1,75,36,9,0,3,38,17,52,8.62e-11,55.8,83.33
AMP_0186,MNW52899.1,75,36,9,0,3,38,47,82,1.43e-10,55.8,83.33
AMP_0186,MNH11737.1,72.222,36,10,0,3,38,105,140,2.83e-10,56.6,83.33
AMP_0186,MNW19803.1,75,36,9,0,3,38,17,52,3.56e-10,54.3,83.33
AMP_0186,MNW40672.1,77.778,36,8,0,3,38,145,180,3.69e-10,57,83.33
AMP_0186,MNY08489.1,77.778,36,8,0,3,38,57,92,3.98e-10,55.1,83.33
AMP_0186,MNT96355.1,77.778,36,8,0,3,38,39,74,4.04e-10,54.7,83.33
AMP_0186,MNG25507.1,77.778,36,8,0,3,38,78,113,4.16e-10,55.5,83.33
AMP_0186,MNI25876.1,77.778,36,8,0,3,38,78,113,4.39e-10,55.5,83.33
AMP_0186,MNQ54796.1,77.778,36,8,0,3,38,39,74,4.56e-10,54.3,83.33
AMP_0186,MOA05437.1,75,36,9,0,3,38,149,184,4.66e-10,56.6,86.11
AMP_0186,MNZ88128.1,77.778,36,8,0,3,38,241,276,5.68e-10,57.4,83.33
AMP_0186,MNC00929.1,77.778,36,8,0,3,38,241,276,5.79e-10,57.4,83.33
AMP_0186,MNV13395.1,77.778,36,8,0,3,38,241,276,5.79e-10,57.4,83.33
AMP_0186,MNI18646.1,77.778,36,8,0,3,38,241,276,5.85e-10,57.4,83.33
AMP_0186,MNO90647.1,77.778,36,8,0,3,38,241,276,5.85e-10,57.4,83.33
AMP_0186,MMZ64601.1,75,36,9,0,3,38,88,123,5.96e-10,55.5,83.33
AMP_0186,MMZ49728.1,77.778,36,8,0,3,38,241,276,8.50e-10,57,83.33
AMP_0186,MNO20885.1,75,36,9,0,3,38,241,276,9.21e-10,57,83.33
AMP_0186,MNI59789.1,75,36,9,0,3,38,149,184,1.01e-09,55.8,83.33
AMP_0186,MNJ39139.1,75,36,9,0,3,38,241,276,1.02e-09,57,83.33
AMP_0186,MNW33801.1,77.778,36,8,0,3,38,241,276,1.06e-09,56.6,83.33
AMP_0186,MNB67166.1,75,36,9,0,3,38,241,276,1.83e-09,56.2,83.33
AMP_0186,MPM01447.1,72.222,36,10,0,3,38,241,276,2.47e-09,55.8,86.11
AMP_0186,MNM62234.1,75,36,9,0,3,38,241,276,2.57e-09,55.8,83.33
AMP_0186,MNI24644.1,75,36,9,0,3,38,241,276,2.62e-09,55.8,83.33
AMP_0186,MNK64197.1,75,36,9,0,3,38,241,276,2.68e-09,55.8,83.33
AMP_0186,MND91331.1,75,36,9,0,3,38,241,276,2.81e-09,55.5,83.33
AMP_0186,ETJ33613.1,63.889,36,13,0,3,38,14,49,6.90e-09,50.8,83.33
AMP_0186,MPM28896.1,73.529,34,9,0,3,36,241,274,7.40e-09,54.3,88.24
AMP_0186,ETJ21613.1,75,36,9,0,3,38,241,276,7.55e-09,54.3,77.78
AMP_0186,KAF5072616.1,65.714,35,12,0,3,37,241,275,8.54e-08,51.6,77.14
AMP_0186,MMZ50266.1,63.889,36,13,0,3,38,241,276,9.74e-08,51.2,80.56
AMP_0186,MNI59549.1,61.111,36,14,0,3,38,168,203,1.86e-07,50.1,75
AMP_0186,KAF5090424.1,63.889,36,13,0,3,38,241,276,2.74e-07,50.1,75
AMP_0186,MPM47451.1,62.857,35,13,0,3,37,96,130,3.80e-07,48.1,71.43
AMP_0186,EDI67037.1,61.111,36,14,0,1,36,249,284,5.81e-07,49.3,72.22
AMP_0186,EKC66533.1,62.857,35,13,0,3,37,71,105,6.31e-07,47.4,71.43
AMP_0186,MPM49651.1,60,35,14,0,3,37,77,111,1.07e-06,46.6,71.43
AMP_0186,MPM89026.1,62.5,32,12,0,3,34,241,272,1.26e-06,48.1,81.25
AMP_0186,MPM69800.1,63.889,36,13,0,3,38,241,276,1.63e-06,47.8,69.44
AMP_0186,EKC66588.1,60,35,14,0,3,37,225,259,1.85e-06,47.8,74.29
AMP_0186,MNI44824.1,51.351,37,18,0,1,37,26,62,2.85e-06,44.7,72.97
AMP_0186,ECL80526.1,58.333,36,15,0,3,38,105,140,4.01e-06,45.8,72.22
AMP_0186,EKC43277.1,57.143,35,15,0,3,37,40,74,4.09e-06,44.7,68.57
AMP_0186,EBB68157.1,58.333,36,15,0,3,38,111,146,4.27e-06,45.8,72.22
AMP_0186,MPN50233.1,60,35,14,0,3,37,110,144,4.59e-06,45.8,74.29
AMP_0186,EBY02510.1,58.333,36,15,0,3,38,146,181,4.66e-06,46.2,72.22
AMP_0186,MPM82794.1,58.333,36,15,0,1,36,161,196,4.74e-06,46.2,77.78
AMP_0186,MPM12773.1,69.444,36,10,1,3,38,241,275,4.95e-06,46.6,83.33
AMP_0186,EJX02336.1,60,35,14,0,3,37,127,161,5.19e-06,45.8,71.43
AMP_0186,EJW93873.1,60,35,14,0,3,37,17,51,5.34e-06,43.5,71.43
AMP_0186,EDA62526.1,58.333,36,15,0,3,38,220,255,5.67e-06,46.2,72.22
AMP_0186,EKC46494.1,58.824,34,14,0,3,36,124,157,5.88e-06,45.8,70.59
AMP_0186,EJX03486.1,56.25,32,14,0,3,34,60,91,6.34e-06,44.3,75
AMP_0186,ECU93710.1,58.333,36,15,0,3,38,241,276,6.87e-06,46.2,72.22
AMP_0186,EDB31279.1,58.333,36,15,0,3,38,241,276,6.87e-06,46.2,72.22
AMP_0186,ECV37958.1,58.333,36,15,0,3,38,241,276,7.14e-06,46.2,72.22
AMP_0186,EKC74536.1,64.706,34,12,0,3,36,133,166,7.31e-06,45.4,67.65
AMP_0186,KAF5053562.1,60,35,14,0,3,37,241,275,7.37e-06,46.2,74.29
AMP_0186,EKC45463.1,62.857,35,12,1,3,37,241,274,7.73e-06,46.2,77.14
AMP_0186,MPM16126.1,55.556,36,16,0,3,38,241,276,7.89e-06,45.8,72.22
AMP_0186,MBA7714285.1,51.515,33,16,0,6,38,91,123,1.24e-05,44.3,84.85
AMP_0186,MNM37134.1,55.882,34,15,0,3,36,241,274,1.35e-05,45.4,76.47
AMP_0186,MPL79381.1,63.889,36,12,1,3,38,241,275,1.41e-05,45.4,77.78
AMP_0186,EBZ70232.1,52.778,36,17,0,1,36,50,85,1.42e-05,43.5,77.78
AMP_0186,MPN53305.1,55.882,34,15,0,5,38,19,52,1.60e-05,42.4,73.53
AMP_0186,MNY67623.1,67.742,31,9,1,6,36,60,89,1.82e-05,43.1,87.1
AMP_0186,MPM53648.1,54.286,35,16,0,3,37,242,276,1.87e-05,45.1,74.29
AMP_0186,ECG33627.1,64.516,31,11,0,3,33,42,72,1.88e-05,43.1,74.19
AMP_0186,ECM57035.1,65.625,32,11,0,7,38,81,112,1.94e-05,43.5,78.12
AMP_0186,KKM70334.1,60.606,33,13,0,6,38,243,275,2.23e-05,44.7,78.79
AMP_0186,ECH01678.1,62.5,32,12,0,3,34,242,273,2.29e-05,44.7,71.88
AMP_0186,GAI15548.1,51.515,33,16,0,6,38,154,186,2.64e-05,44.3,84.85
AMP_0186,MBA7510598.1,51.515,33,16,0,6,38,244,276,2.79e-05,44.3,84.85
AMP_0186,ECA68232.1,61.29,31,12,0,3,33,17,47,2.91e-05,42,70.97
AMP_0186,MND04915.1,60.606,33,12,1,6,38,24,55,3.08e-05,42,84.85
AMP_0186,EBM69723.1,52.778,36,17,0,3,38,243,278,3.33e-05,44.3,72.22
AMP_0186,EDA71128.1,52.778,36,17,0,3,38,243,278,3.36e-05,44.3,72.22
AMP_0186,ECV86437.1,52.778,36,17,0,3,38,243,278,3.39e-05,44.3,72.22
AMP_0186,ECV00082.1,52.778,36,17,0,3,38,243,278,3.43e-05,44.3,72.22
AMP_0186,ECE10804.1,61.29,31,12,0,3,33,58,88,4.24e-05,42.4,70.97
AMP_0186,MND00070.1,64.516,31,10,1,6,36,19,48,4.29e-05,41.2,87.1
AMP_0186,EDI02340.1,58.824,34,14,0,3,36,77,110,4.89e-05,42.4,73.53
AMP_0186,ECD63678.1,52.778,36,17,0,3,38,17,52,5.37e-05,41.2,69.44
AMP_0186,ECR84347.1,61.29,31,12,0,3,33,88,118,6.21e-05,42.7,70.97
AMP_0186,ECF61571.1,61.29,31,12,0,3,33,88,118,6.27e-05,42.7,70.97
AMP_0186,CUV03093.1,65.625,32,11,0,3,34,225,256,8.10e-05,43.1,75
AMP_0186,EBM95793.1,61.29,31,12,0,3,33,209,239,8.71e-05,43.1,70.97
AMP_0186,EBM57381.1,61.29,31,12,0,3,33,208,238,8.87e-05,43.1,70.97
AMP_0186,SUZ64453.1,65.625,32,11,0,3,34,241,272,8.95e-05,43.1,75
AMP_0186,SUZ95719.1,65.625,32,11,0,3,34,241,272,9.04e-05,43.1,75
AMP_0186,ECC45654.1,61.29,31,12,0,3,33,194,224,9.23e-05,43.1,70.97
AMP_0186,EBN02516.1,61.29,31,12,0,3,33,242,272,1.00e-04,42.7,70.97
AMP_0186,EBD63655.1,58.065,31,13,0,3,33,48,78,1.10e-04,41.2,70.97
AMP_0186,MNU06954.1,61.29,31,11,1,6,36,19,48,1.15e-04,40.4,87.1
AMP_0186,GAG60828.1,55.556,36,16,0,3,38,105,140,1.24e-04,42,72.22
AMP_0186,MDT4844802.1,60.606,33,12,1,6,38,243,274,1.24e-04,42.7,84.85
AMP_0186,SVC22661.1,61.765,34,13,0,3,36,132,165,1.25e-04,42.4,70.59
AMP_0193,SVC53184.1,72.414,29,8,0,1,29,12,40,2.89e-05,41.2,79.31
AMP_0193,SUZ85940.1,84,25,4,0,4,28,1,25,3.43e-05,40.8,92
AMP_0193,CAB4765477.1,84,25,4,0,4,28,13,37,0.004,35.8,84
AMP_0193,MNI64648.1,76,25,6,0,4,28,48,72,0.005,36.6,80
AMP_0193,ETJ19659.1,76.923,26,6,0,4,29,13,38,0.029,33.9,76.92
AMP_0202,EJW89417.1,90.909,22,2,0,1,22,1,22,3.30e-06,43.1,100
AMP_0202,ECI83579.1,90.909,22,2,0,1,22,1,22,2.35e-05,41.6,95.45
AMP_0202,MOA29936.1,90.909,22,2,0,1,22,1,22,3.33e-05,42.4,95.45
AMP_0202,MNU83722.1,86.364,22,3,0,1,22,1,22,5.35e-05,41.6,95.45
AMP_0202,CAN5255428.1,86.364,22,3,0,1,22,1,22,5.80e-05,41.6,95.45
AMP_0202,EBO43263.1,86.364,22,3,0,1,22,1,22,5.89e-05,41.6,95.45
AMP_0202,MNT69909.1,86.364,22,3,0,1,22,1,22,6.21e-05,41.6,95.45
AMP_0202,CAN5510077.1,86.364,22,3,0,1,22,1,22,6.21e-05,41.6,95.45
AMP_0202,MCY1167572.1,86.364,22,3,0,1,22,1,22,6.41e-05,41.6,95.45
AMP_0202,MCY1309636.1,86.364,22,3,0,1,22,1,22,6.48e-05,41.6,95.45
AMP_0202,MCY1209899.1,86.364,22,3,0,1,22,1,22,6.55e-05,41.6,95.45
AMP_0202,MDT4847888.1,86.364,22,3,0,1,22,1,22,6.55e-05,41.6,95.45
AMP_0202,ECY00843.1,86.364,22,3,0,1,22,1,22,6.55e-05,41.6,95.45
AMP_0202,CAN5590093.1,86.364,22,3,0,1,22,1,22,6.66e-05,41.6,95.45
AMP_0202,CAN5712553.1,86.364,22,3,0,1,22,1,22,6.91e-05,41.2,95.45
AMP_0202,ECH07894.1,86.364,22,3,0,1,22,1,22,6.94e-05,41.6,95.45
AMP_0202,EBP12550.1,86.364,22,3,0,1,22,1,22,6.94e-05,41.6,95.45
AMP_0202,CAN5920664.1,86.364,22,3,0,1,22,1,22,6.95e-05,41.2,95.45
AMP_0202,CAN5591598.1,86.364,22,3,0,1,22,1,22,6.98e-05,41.2,95.45
AMP_0202,EBO69133.1,86.364,22,3,0,1,22,1,22,7.36e-05,41.2,95.45
AMP_0202,MPN16763.1,81.818,22,4,0,1,22,1,22,1.49e-04,40.4,95.45
AMP_0202,ECB18238.1,81.818,22,4,0,1,22,1,22,1.86e-04,39.7,90.91
AMP_0202,ECV06662.1,86.364,22,3,0,1,22,1,22,2.03e-04,40,90.91
AMP_0202,ECU90316.1,86.364,22,3,0,1,22,1,22,2.25e-04,40,90.91
AMP_0202,CAN5380325.1,81.818,22,4,0,1,22,1,22,2.29e-04,40,90.91
AMP_0202,MNY84634.1,81.818,22,4,0,1,22,1,22,2.31e-04,40,90.91
AMP_0202,ECV04744.1,81.818,22,4,0,1,22,1,22,2.42e-04,40,90.91
AMP_0202,EBV94535.1,86.364,22,3,0,1,22,1,22,2.60e-04,39.3,90.91
AMP_0202,OIR17352.1,81.818,22,4,0,1,22,1,22,3.17e-04,39.7,90.91
AMP_0202,EBV26776.1,86.364,22,3,0,1,22,3,24,3.19e-04,39.7,90.91
AMP_0202,OIR09520.1,81.818,22,4,0,1,22,1,22,3.27e-04,39.7,90.91
AMP_0202,CAN5729021.1,81.818,22,4,0,1,22,1,22,3.34e-04,39.7,90.91
AMP_0202,EDI14194.1,77.273,22,5,0,1,22,1,22,3.92e-04,39.3,86.36
AMP_0202,EDF25066.1,77.273,22,5,0,1,22,2,23,4.14e-04,39.3,86.36
AMP_0202,VAW84829.1,81.818,22,4,0,1,22,1,22,4.69e-04,39.3,90.91
AMP_0202,OIQ72202.1,81.818,22,4,0,1,22,1,22,5.27e-04,39.3,90.91
AMP_0202,EDB10465.1,81.818,22,4,0,1,22,1,22,5.50e-04,38.9,90.91
AMP_0202,CAN5882458.1,81.818,22,4,0,1,22,1,22,6.10e-04,38.9,90.91
AMP_0202,SVA20646.1,81.818,22,4,0,1,22,1,22,6.12e-04,38.9,90.91
AMP_0202,CAN5728073.1,81.818,22,4,0,1,22,1,22,6.17e-04,38.9,90.91
AMP_0202,MNI35026.1,81.818,22,4,0,1,22,1,22,6.18e-04,38.9,90.91
AMP_0202,MCY1194752.1,81.818,22,4,0,1,22,1,22,6.45e-04,38.9,90.91
AMP_0202,VAW86596.1,81.818,22,4,0,1,22,1,22,6.45e-04,38.9,90.91
AMP_0202,EBH67028.1,77.273,22,5,0,1,22,1,22,7.10e-04,38.5,90.91
AMP_0202,VFR16718.1,81.818,22,4,0,1,22,1,22,7.89e-04,38.5,90.91
AMP_0202,ECB44081.1,72.727,22,6,0,1,22,2,23,8.26e-04,37.7,86.36
AMP_0202,EBX58159.1,77.273,22,5,0,1,22,1,22,0.001,38.1,90.91
AMP_0202,EBM17963.1,81.818,22,4,0,1,22,1,22,0.001,38.5,90.91
AMP_0202,EBJ39237.1,72.727,22,6,0,1,22,1,22,0.001,38.5,86.36
AMP_0202,ECY09731.1,77.273,22,5,0,1,22,1,22,0.001,38.5,90.91
AMP_0202,EBM68196.1,72.727,22,6,0,1,22,1,22,0.001,38.1,86.36
AMP_0202,ECM32039.1,72.727,22,6,0,1,22,3,24,0.001,38.5,86.36
AMP_0202,EBJ84492.1,72.727,22,6,0,1,22,3,24,0.001,38.1,86.36
AMP_0202,EBN89039.1,72.727,22,6,0,1,22,2,23,0.001,38.1,86.36
AMP_0202,ECE49618.1,72.727,22,6,0,1,22,1,22,0.001,38.1,86.36
AMP_0202,ECE74671.1,72.727,22,6,0,1,22,2,23,0.001,38.1,86.36
AMP_0202,ECI78416.1,77.273,22,5,0,1,22,2,23,0.001,38.1,86.36
AMP_0202,EDG38837.1,72.727,22,6,0,1,22,2,23,0.001,38.1,86.36
AMP_0202,EDA84126.1,72.727,22,6,0,1,22,1,22,0.001,38.1,86.36
AMP_0202,ECM53671.1,72.727,22,6,0,1,22,10,31,0.001,38.1,86.36
AMP_0202,EBN74022.1,72.727,22,6,0,1,22,1,22,0.001,38.1,86.36
AMP_0202,EBT44683.1,77.273,22,5,0,1,22,1,22,0.001,38.1,90.91
AMP_0202,MNK55646.1,81.818,22,4,0,1,22,1,22,0.001,37.7,86.36
AMP_0202,VAW91857.1,81.818,22,4,0,1,22,1,22,0.002,37.7,86.36
AMP_0202,EBO66635.1,77.273,22,5,0,1,22,1,22,0.002,37.7,90.91
AMP_0202,CAN5157532.1,81.818,22,4,0,1,22,1,22,0.002,37.7,86.36
AMP_0202,EBP00030.1,72.727,22,6,0,1,22,2,23,0.002,37.7,86.36
AMP_0202,EBK68768.1,72.727,22,6,0,1,22,4,25,0.002,37.7,86.36
AMP_0202,EBO47973.1,77.273,22,5,0,1,22,1,22,0.002,37,86.36
AMP_0202,CAI8439541.1,77.273,22,5,0,1,22,1,22,0.002,37.4,86.36
AMP_0202,EDA53410.1,77.273,22,5,0,1,22,1,22,0.003,37.4,86.36
AMP_0202,VAX08110.1,77.273,22,5,0,1,22,1,22,0.003,37.4,86.36
AMP_0202,OIQ96358.1,77.273,22,5,0,1,22,1,22,0.003,37,86.36
AMP_0202,MNC07436.1,77.273,22,5,0,1,22,1,22,0.003,37,86.36
AMP_0202,MNK15474.1,77.273,22,5,0,1,22,1,22,0.003,37,86.36
AMP_0202,MNM61668.1,77.273,22,5,0,1,22,1,22,0.003,37,86.36
AMP_0202,MCY1256753.1,77.273,22,5,0,1,22,1,22,0.003,37,86.36
AMP_0202,OIQ82709.1,77.273,22,5,0,1,22,1,22,0.003,37,86.36
AMP_0202,OIQ82868.1,77.273,22,5,0,1,22,1,22,0.003,37,86.36
AMP_0202,OIQ87657.1,77.273,22,5,0,1,22,1,22,0.003,37,86.36
AMP_0202,EBE88385.1,77.273,22,5,0,1,22,1,22,0.004,37,86.36
AMP_0202,CAN5450050.1,77.273,22,5,0,1,22,1,22,0.004,37,86.36
AMP_0202,CBH97527.1,77.273,22,5,0,1,22,1,22,0.004,37,86.36
AMP_0202,EBD15306.1,68.182,22,7,0,1,22,10,31,0.004,37,86.36
AMP_0202,EDE45257.1,76.19,21,5,0,2,22,1,21,0.006,36.2,90.48
AMP_0202,SVE01378.1,77.273,22,5,0,1,22,1,22,0.008,36.2,86.36
AMP_0202,CAI8401417.1,77.273,22,5,0,1,22,1,22,0.008,35.8,86.36
AMP_0202,EBV07903.1,68.182,22,7,0,1,22,1,22,0.008,35.8,86.36
AMP_0202,MBA7620680.1,72.727,22,6,0,1,22,1,22,0.01,35.8,81.82
AMP_0202,EBO35698.1,94.118,17,1,0,1,17,1,17,0.01,35.8,100
AMP_0202,MBA7466334.1,72.727,22,6,0,1,22,1,22,0.011,35.8,81.82
AMP_0202,ECY28790.1,72.727,22,6,0,1,22,1,22,0.012,35.4,86.36
AMP_0202,VAW33292.1,77.273,22,5,0,1,22,1,22,0.012,35.4,81.82
AMP_0202,EQD26517.1,77.273,22,5,0,1,22,1,22,0.012,35.4,81.82
AMP_0202,EDH47755.1,77.273,22,5,0,1,22,1,22,0.012,35.4,81.82
AMP_0202,EDE19852.1,88.235,17,2,0,1,17,1,17,0.014,35.4,100
AMP_0202,ECA30638.1,77.273,22,5,0,1,22,1,22,0.014,35,81.82
AMP_0202,VAW52210.1,72.727,22,6,0,1,22,1,22,0.014,35.4,86.36
AMP_0202,ECW25172.1,77.273,22,5,0,1,22,1,22,0.015,35.4,81.82
AMP_0202,VAW87277.1,77.273,22,5,0,1,22,1,22,0.015,35.4,81.82
AMP_0206,EBX46297.1,100,27,0,0,1,27,66,92,1.43e-11,58.2,100
AMP_0206,KKK66160.1,88.889,27,3,0,1,27,2,28,1.77e-09,51.2,92.59
AMP_0206,ECU01984.1,95.833,24,1,0,1,24,9,32,7.81e-09,51.6,95.83
AMP_0206,MNY21363.1,88.889,27,3,0,1,27,49,75,8.53e-09,50.8,92.59
AMP_0206,EBY96276.1,95.833,24,1,0,1,24,9,32,9.23e-09,50.8,95.83
AMP_0206,EBC61519.1,88.889,27,3,0,1,27,103,129,1.02e-08,51.6,92.59
AMP_0206,ECH68009.1,92.593,27,2,0,1,27,109,135,1.20e-08,51.6,92.59
AMP_0206,ECC68280.1,95.833,24,1,0,1,24,9,32,1.23e-08,50.8,95.83
AMP_0206,ETJ19655.1,88.462,26,3,0,1,26,49,74,1.56e-08,50.1,92.31
AMP_0206,EBC61329.1,95.833,24,1,0,1,24,9,32,1.79e-08,50.1,95.83
AMP_0206,ECH96612.1,92.593,27,2,0,1,27,76,102,1.79e-08,50.4,92.59
AMP_0206,EBU91110.1,95.833,24,1,0,1,24,9,32,1.79e-08,50.4,95.83
AMP_0206,ECI68739.1,81.481,27,5,0,1,27,32,58,2.44e-08,49.3,88.89
AMP_0206,EBY94437.1,91.667,24,2,0,1,24,80,103,3.98e-08,49.7,95.83
AMP_0206,EBC97692.1,88.462,26,3,0,1,26,83,108,4.71e-08,49.7,92.31
AMP_0206,EBC24994.1,80.769,26,5,0,1,26,30,55,4.85e-08,48.5,92.31
AMP_0206,MNE35001.1,91.667,24,2,0,1,24,49,72,5.93e-08,48.5,95.83
AMP_0206,EBW64605.1,88.462,26,3,0,1,26,9,34,6.44e-08,48.5,88.46
AMP_0206,ECE70611.1,88.462,26,3,0,1,26,9,34,6.88e-08,48.5,88.46
AMP_0206,ECD04212.1,84.615,26,4,0,1,26,35,60,7.80e-08,48.1,88.46
AMP_0206,ECG25946.1,95.833,24,1,0,1,24,9,32,1.10e-07,50.1,95.83
AMP_0206,ECU13670.1,92,25,2,0,1,25,154,178,1.12e-07,49.7,92
AMP_0206,ECF39916.1,95.833,24,1,0,1,24,9,32,1.16e-07,50.1,95.83
AMP_0206,EBC93032.1,91.667,24,2,0,1,24,9,32,1.24e-07,48.5,95.83
AMP_0206,ECQ96298.1,84.615,26,4,0,1,26,9,34,1.24e-07,47.8,88.46
AMP_0206,EBT67757.1,84.615,26,4,0,1,26,9,34,1.48e-07,47.4,88.46
AMP_0206,EBT68307.1,84.615,26,4,0,1,26,9,34,1.58e-07,47.4,88.46
AMP_0206,EBW03940.1,84.615,26,4,0,1,26,9,34,1.61e-07,47.4,88.46
AMP_0206,ECC86327.1,84.615,26,4,0,1,26,9,34,1.69e-07,47.4,88.46
AMP_0206,ECE96751.1,84.615,26,4,0,1,26,9,34,1.75e-07,47.4,88.46
AMP_0206,EBU77607.1,95.833,24,1,0,1,24,9,32,1.82e-07,49.7,95.83
AMP_0206,EBC94649.1,92,25,2,0,1,25,78,102,1.94e-07,47.8,92
AMP_0206,EBX65747.1,91.667,24,2,0,1,24,68,91,2.00e-07,47.8,91.67
AMP_0206,ECU46957.1,84.615,26,4,0,1,26,9,34,2.02e-07,47,88.46
AMP_0206,EBI75911.1,84.615,26,4,0,1,26,9,34,2.08e-07,47,88.46
AMP_0206,EBS76421.1,84.615,26,4,0,1,26,9,34,2.56e-07,47,84.62
AMP_0206,EBD01749.1,95.833,24,1,0,1,24,12,35,2.87e-07,48.9,95.83
AMP_0206,ECF13706.1,81.481,27,5,0,1,27,35,61,2.90e-07,46.6,88.89
AMP_0206,ECI01494.1,80.769,26,5,0,1,26,9,34,3.47e-07,46.6,88.46
AMP_0206,EBT51838.1,80.769,26,5,0,1,26,9,34,3.51e-07,46.6,88.46
AMP_0206,ECC34554.1,80.769,26,5,0,1,26,9,34,3.51e-07,46.6,88.46
AMP_0206,ECT80450.1,80.769,26,5,0,1,26,9,34,3.63e-07,46.6,88.46
AMP_0206,EBW66584.1,80.769,26,5,0,1,26,9,34,3.63e-07,46.6,88.46
AMP_0206,EBI25540.1,92,25,2,0,1,25,58,82,3.67e-07,46.6,92
AMP_0206,ECP32074.1,80.769,26,5,0,1,26,9,34,3.75e-07,46.6,88.46
AMP_0206,EBC96890.1,81.481,27,5,0,1,27,35,61,3.77e-07,46.2,88.89
AMP_0206,ECC58976.1,80.769,26,5,0,1,26,9,34,3.79e-07,46.6,88.46
AMP_0206,EBT83111.1,81.481,27,5,0,1,27,40,66,3.82e-07,46.2,88.89
AMP_0206,ECD65960.1,80.769,26,5,0,1,26,9,34,3.92e-07,46.6,88.46
AMP_0206,EBU46447.1,81.481,27,5,0,1,27,35,61,3.94e-07,46.2,88.89
AMP_0206,ECA38686.1,81.481,27,5,0,1,27,35,61,3.98e-07,46.2,88.89
AMP_0206,ECJ59563.1,91.667,24,2,0,1,24,58,81,4.25e-07,47.4,95.83
AMP_0206,ECB72849.1,80.769,26,5,0,1,26,35,60,4.26e-07,46.2,84.62
AMP_0206,EBC88014.1,88,25,3,0,1,25,36,60,4.30e-07,46.2,88
AMP_0206,EBC98438.1,80.769,26,5,0,1,26,36,61,4.31e-07,46.2,84.62
AMP_0206,EBX27976.1,87.5,24,3,0,1,24,30,53,4.32e-07,46.6,91.67
AMP_0206,EBU11389.1,80.769,26,5,0,1,26,9,34,4.40e-07,46.2,88.46
AMP_0206,ECK07382.1,80.769,26,5,0,1,26,9,34,4.42e-07,46.2,88.46
AMP_0206,ECE27152.1,88,25,3,0,1,25,36,60,4.45e-07,46.2,88
AMP_0206,ECF96677.1,87.5,24,3,0,1,24,9,32,4.47e-07,46.2,91.67
AMP_0206,EBP39358.1,84.615,26,4,0,1,26,9,34,4.50e-07,47,88.46
AMP_0206,EBC93254.1,87.5,24,3,0,1,24,9,32,4.56e-07,46.2,91.67
AMP_0206,EBV86836.1,80.769,26,5,0,1,26,35,60,4.60e-07,46.2,84.62
AMP_0206,ECQ13535.1,91.667,24,2,0,1,24,24,47,4.70e-07,46.6,91.67
AMP_0206,ECR11184.1,80.769,26,5,0,1,26,36,61,4.76e-07,46.2,84.62
AMP_0206,EBR64897.1,87.5,24,3,0,1,24,7,30,4.76e-07,46.2,91.67
AMP_0206,ECE43524.1,87.5,24,3,0,1,24,9,32,4.76e-07,46.2,91.67
AMP_0206,ECE79844.1,87.5,24,3,0,1,24,9,32,4.77e-07,46.2,91.67
AMP_0206,EBR79560.1,87.5,24,3,0,1,24,9,32,4.77e-07,46.2,91.67
AMP_0206,ECL69447.1,87.5,24,3,0,1,24,9,32,4.82e-07,46.2,91.67
AMP_0206,ECA26748.1,87.5,24,3,0,1,24,9,32,4.82e-07,46.2,91.67
AMP_0206,EBI31750.1,87.5,24,3,0,1,24,9,32,4.82e-07,46.2,91.67
AMP_0206,EBV52068.1,87.5,24,3,0,1,24,9,32,4.87e-07,46.2,91.67
AMP_0206,EBS54190.1,87.5,24,3,0,1,24,9,32,4.87e-07,46.2,91.67
AMP_0206,ECQ34524.1,87.5,24,3,0,1,24,9,32,4.92e-07,46.2,91.67
AMP_0206,ECL53960.1,87.5,24,3,0,1,24,9,32,4.93e-07,46.2,91.67
AMP_0206,ECB07488.1,87.5,24,3,0,1,24,9,32,4.98e-07,46.2,91.67
AMP_0206,ECD61931.1,87.5,24,3,0,1,24,9,32,4.98e-07,46.2,91.67
AMP_0206,ECI99237.1,87.5,24,3,0,1,24,9,32,4.98e-07,46.2,91.67
AMP_0206,ECN56574.1,87.5,24,3,0,1,24,13,36,5.04e-07,46.2,91.67
AMP_0206,ECB46262.1,87.5,24,3,0,1,24,9,32,5.09e-07,46.2,91.67
AMP_0206,ECI96882.1,87.5,24,3,0,1,24,9,32,5.09e-07,46.2,91.67
AMP_0206,EBX41305.1,88,25,3,0,1,25,34,58,5.12e-07,45.8,88
AMP_0206,EBC91038.1,87.5,24,3,0,1,24,9,32,5.14e-07,46.2,91.67
AMP_0206,EBC90289.1,87.5,24,3,0,1,24,9,32,5.14e-07,46.2,91.67
AMP_0206,ECN91314.1,87.5,24,3,0,1,24,9,32,5.15e-07,46.2,91.67
AMP_0206,ECT27840.1,87.5,24,3,0,1,24,9,32,5.26e-07,46.2,91.67
AMP_0206,EBC80088.1,91.667,24,2,0,1,24,30,53,5.26e-07,46.2,91.67
AMP_0206,ECD00009.1,87.5,24,3,0,1,24,9,32,5.26e-07,46.2,91.67
AMP_0206,ECJ38738.1,87.5,24,3,0,1,24,9,32,5.26e-07,46.2,91.67
AMP_0206,ECQ27648.1,87.5,24,3,0,1,24,9,32,5.26e-07,46.2,91.67
AMP_0206,ECJ14810.1,87.5,24,3,0,1,24,9,32,5.32e-07,46.2,91.67
AMP_0206,EBC19413.1,87.5,24,3,0,1,24,4,27,5.37e-07,46.2,91.67
AMP_0206,EBW56176.1,87.5,24,3,0,1,24,9,32,5.37e-07,46.2,91.67
AMP_0206,EBC87920.1,87.5,24,3,0,1,24,9,32,5.38e-07,46.2,91.67
AMP_0206,ECA22990.1,87.5,24,3,0,1,24,9,32,5.43e-07,46.2,91.67
AMP_0206,ECT58076.1,87.5,24,3,0,1,24,9,32,5.44e-07,46.2,91.67
AMP_0206,EBU59632.1,87.5,24,3,0,1,24,9,32,5.50e-07,46.2,91.67
AMP_0206,ECM11786.1,87.5,24,3,0,1,24,9,32,5.56e-07,46.2,91.67
AMP_0206,EBT63963.1,84.615,26,4,0,1,26,9,34,5.59e-07,46.6,88.46
AMP_0212,SVD79155.1,72.5,40,11,0,1,40,18,57,5.71e-10,55.5,75
AMP_0212,SVA63831.1,66.667,42,14,0,3,44,51,92,7.40e-08,50.1,69.05
AMP_0214,MPM59776.1,67.5,40,13,0,1,40,1,40,6.42e-13,64.3,85
AMP_0214,MNC22082.1,62.5,40,15,0,1,40,1,40,4.03e-10,57.4,82.5
AMP_0214,MNS21214.1,62.5,40,15,0,1,40,1,40,5.85e-10,57,80
AMP_0214,MMZ58363.1,60,40,16,0,1,40,1,40,8.19e-10,56.2,77.5
AMP_0214,MNI26505.1,62.5,40,15,0,1,40,1,40,8.56e-10,56.6,82.5
AMP_0214,MNW31883.1,62.5,40,15,0,1,40,1,40,8.95e-10,56.6,80
AMP_0214,MNI25673.1,60,40,16,0,1,40,24,63,1.32e-09,56.2,80
AMP_0214,MNJ43324.1,60,40,16,0,1,40,1,40,1.97e-09,55.5,82.5
AMP_0214,MNO38097.1,60,40,16,0,1,40,3,42,2.04e-09,55.5,82.5
AMP_0214,MNB98118.1,60,40,16,0,1,40,52,91,4.06e-09,55.1,82.5
AMP_0214,MNB81539.1,65.789,38,13,0,3,40,1,38,6.32e-09,53.9,81.58
AMP_0214,CAN5245652.1,51.282,39,19,0,1,39,1,39,6.56e-09,53.9,79.49
AMP_0214,MNO13248.1,60,40,16,0,1,40,1,40,9.81e-09,53.5,77.5
AMP_0214,MNN08892.1,60,40,16,0,1,40,1,40,1.00e-08,53.5,77.5
AMP_0214,MMZ55241.1,60,40,16,0,1,40,1,40,1.22e-08,53.5,77.5
AMP_0214,MNR80241.1,63.158,38,14,0,1,38,1,38,1.23e-08,53.1,81.58
AMP_0214,MNK55847.1,63.158,38,14,0,1,38,1,38,1.42e-08,53.1,81.58
AMP_0214,MNN35757.1,60,40,16,0,1,40,1,40,2.45e-08,52.4,77.5
AMP_0214,MNW56624.1,60,40,16,0,1,40,1,40,2.50e-08,52.4,77.5
AMP_0214,MNO30359.1,60,40,16,0,1,40,1,40,2.56e-08,52.4,77.5
AMP_0214,MNE35435.1,60,40,16,0,1,40,1,40,3.44e-08,52,77.5
AMP_0214,MNN03466.1,60,40,16,0,1,40,1,40,3.44e-08,52,77.5
AMP_0214,MNW38322.1,60,40,16,0,1,40,1,40,3.52e-08,52,77.5
AMP_0214,MNZ81603.1,60,40,16,0,1,40,1,40,3.52e-08,52,77.5
AMP_0214,CAB4362553.1,62.162,37,14,0,1,37,16,52,6.26e-08,51.2,78.38
AMP_0214,CAN5396698.1,52.632,38,18,0,1,38,1,38,6.38e-08,51.2,76.32
AMP_0214,EBG08788.1,61.111,36,14,0,1,36,26,61,7.49e-08,50.8,77.78
AMP_0214,CAB4562563.1,59.459,37,15,0,1,37,8,44,1.58e-07,50.1,78.38
AMP_0214,MNJ43084.1,52.5,40,19,0,1,40,1,40,1.88e-07,50.1,77.5
AMP_0214,CAB4733533.1,59.459,37,15,0,1,37,1,37,3.18e-07,49.3,72.97
AMP_0214,CAB4894528.1,56.757,37,16,0,1,37,1,37,3.55e-07,49.3,81.08
AMP_0214,CAN5742948.1,50,38,19,0,1,38,8,45,5.96e-07,48.9,73.68
AMP_0214,CAN5815372.1,54.054,37,17,0,1,37,1,37,9.98e-07,48.1,78.38
AMP_0214,ECK52145.1,50,36,18,0,1,36,1,36,1.11e-06,45.8,77.78
AMP_0214,SVA04706.1,50,38,19,0,1,38,2,39,1.35e-06,47.8,68.42
AMP_0214,MPL92684.1,52.778,36,17,0,1,36,1,36,2.01e-06,47.4,80.56
AMP_0214,EBX14036.1,54.054,37,17,0,1,37,2,38,2.61e-06,45.4,72.97
AMP_0214,KAF5061379.1,45.946,37,20,0,1,37,1,37,4.56e-06,46.2,81.08
AMP_0214,CAN5570866.1,52.778,36,17,0,1,36,1,36,5.64e-06,45.8,75
AMP_0214,EDH44058.1,54.054,37,17,0,1,37,2,38,5.66e-06,45.4,72.97
AMP_0214,GAI35544.1,42.105,38,22,0,1,38,1,38,6.79e-06,45.1,78.95
AMP_0214,EBO64756.1,54.054,37,17,0,1,37,2,38,7.54e-06,45.8,72.97
AMP_0214,CAB4691167.1,52.632,38,18,0,1,38,1,38,8.41e-06,45.4,76.32
AMP_0214,ECK59817.1,54.054,37,17,0,1,37,2,38,8.48e-06,45.4,72.97
AMP_0214,CAN5264520.1,55.556,36,16,0,1,36,1,36,1.07e-05,45.4,77.78
AMP_0214,ECF28684.1,51.351,37,18,0,1,37,2,38,1.16e-05,45.1,78.38
AMP_0214,VAX19053.1,52.632,38,18,0,1,38,1,38,1.25e-05,45.1,71.05
AMP_0214,EDG94385.1,58.333,36,15,0,1,36,36,71,1.28e-05,44.3,75
AMP_0214,ECW12556.1,50,36,18,0,1,36,1,36,1.48e-05,45.1,83.33
AMP_0214,ECJ22973.1,58.333,36,15,0,1,36,36,71,1.51e-05,44.3,75
AMP_0214,CAN5434440.1,55.556,36,16,0,1,36,1,36,1.57e-05,45.1,75
AMP_0214,CAN5884377.1,47.368,38,20,0,1,38,1,38,1.82e-05,44.7,71.05
AMP_0214,EBX70633.1,50,36,18,0,1,36,15,50,1.90e-05,43.5,77.78
AMP_0214,EDJ23691.1,55.556,36,16,0,1,36,105,140,2.40e-05,44.7,75
AMP_0214,MNI48294.1,55.556,36,16,0,1,36,1,36,2.60e-05,44.3,75
AMP_0214,CAN5612512.1,51.429,35,17,0,2,36,3,37,3.13e-05,44.3,80
AMP_0214,EBS46543.1,52.778,36,17,0,1,36,2,37,3.98e-05,43.9,72.22
AMP_0214,MNW26706.1,48.571,35,18,0,2,36,3,37,4.53e-05,43.9,80
AMP_0214,CAN5683580.1,62.069,29,11,0,7,35,5,33,4.69e-05,43.5,79.31
AMP_0214,KAF5048015.1,51.351,37,18,0,1,37,1,37,5.45e-05,43.5,72.97
AMP_0214,ECH59556.1,48.649,37,19,0,1,37,1,37,5.52e-05,42.4,67.57
AMP_0214,CAN5573136.1,51.351,37,18,0,1,37,1,37,6.33e-05,43.1,70.27
AMP_0214,CAN5730620.1,50,36,18,0,1,36,1,36,6.38e-05,43.1,72.22
AMP_0214,EBP81939.1,42.5,40,23,0,1,40,3,42,6.74e-05,42,65
AMP_0214,EBV11332.1,51.351,37,18,0,1,37,92,128,7.63e-05,43.1,72.97
AMP_0214,ECK29623.1,52.778,36,17,0,1,36,3,38,7.86e-05,42,69.44
AMP_0214,ECH58718.1,48.649,37,19,0,1,37,1,37,8.27e-05,41.6,72.97
AMP_0214,EDG83772.1,50,36,18,0,1,36,1,36,9.90e-05,42,75
AMP_0214,CAN5172479.1,47.222,36,19,0,1,36,1,36,1.17e-04,42.4,77.78
AMP_0214,CAN5353960.1,52.778,36,17,0,1,36,1,36,1.23e-04,42.4,72.22
AMP_0214,CUR56154.1,54.286,35,16,0,2,36,3,37,1.30e-04,42.4,77.14
AMP_0214,MNS48194.1,52.778,36,17,0,1,36,1,36,1.46e-04,42.4,72.22
AMP_0214,MND76943.1,52.778,36,17,0,1,36,1,36,1.54e-04,42.4,72.22
AMP_0214,CAN5467249.1,47.222,36,19,0,1,36,1,36,1.57e-04,42,75
AMP_0214,SVB44885.1,44.444,36,20,0,1,36,1,36,1.73e-04,42,77.78
AMP_0214,ECV21305.1,45.946,37,20,0,1,37,39,75,1.73e-04,42.4,75.68
AMP_0214,CAN5142034.1,50,36,18,0,2,37,3,38,1.78e-04,42,75
AMP_0214,CAN5891735.1,50,36,18,0,1,36,1,36,1.88e-04,42,75
AMP_0214,VAV98534.1,50,36,18,0,1,36,1,36,1.91e-04,42,72.22
AMP_0214,ECZ30870.1,50,36,18,0,1,36,1,36,1.93e-04,42,75
AMP_0214,CAN5258217.1,54.286,35,16,0,2,36,3,37,1.98e-04,42,77.14
AMP_0214,MNU57295.1,52.778,36,17,0,1,36,1,36,2.02e-04,42,72.22
AMP_0214,CAB4776116.1,55.556,36,16,0,1,36,1,36,2.19e-04,42,69.44
AMP_0214,EBJ89875.1,37.5,40,25,0,1,40,13,52,2.22e-04,40.8,67.5
AMP_0214,SUZ99365.1,52.941,34,16,0,1,34,2,35,2.27e-04,41.6,67.65
AMP_0214,MNK20932.1,52.778,36,17,0,1,36,1,36,2.46e-04,41.6,72.22
AMP_0214,CAB4936117.1,54.286,35,16,0,2,36,3,37,2.55e-04,41.6,77.14
AMP_0214,ECA39837.1,48.649,37,19,0,1,37,1,37,2.64e-04,40.4,64.86
AMP_0214,EBS85932.1,37.5,40,25,0,1,40,15,54,2.64e-04,40,67.5
AMP_0214,MNS53109.1,52.778,36,17,0,1,36,1,36,2.92e-04,41.6,72.22
AMP_0214,EBV43685.1,45.946,37,20,0,1,37,39,75,2.99e-04,41.2,72.97
AMP_0214,MBA7706159.1,47.222,36,19,0,1,36,1,36,3.01e-04,41.6,72.22
AMP_0214,EDD92928.1,46.154,39,21,0,1,39,1,39,3.07e-04,41.2,69.23
AMP_0214,CAN5176184.1,45.946,37,20,0,1,37,1,37,3.25e-04,41.2,70.27
AMP_0214,MNQ62154.1,52.778,36,17,0,1,36,1,36,3.34e-04,41.2,72.22
AMP_0214,CAN5464735.1,48.649,37,19,0,1,37,1,37,3.67e-04,41.2,70.27
AMP_0214,SVA23811.1,47.222,36,19,0,1,36,2,37,3.90e-04,41.2,72.22
AMP_0214,ECX60103.1,47.222,36,19,0,1,36,39,74,3.93e-04,41.2,75
AMP_0214,MBA7634627.1,47.222,36,19,0,1,36,1,36,4.21e-04,41.2,72.22
AMP_0214,ECF26385.1,46.154,39,21,0,1,39,17,55,4.22e-04,40.8,66.67
AMP_0222,SVD79155.1,73.171,41,11,0,1,41,18,58,6.86e-12,59.7,80.49
AMP_0222,SVA63831.1,57.895,38,16,0,3,40,51,88,7.85e-04,39.3,63.16
AMP_0224,ETJ19659.1,59.375,32,13,0,2,33,11,42,0.031,33.9,65.62
AMP_0231,MNV41876.1,27.273,44,32,0,5,48,46,89,0.047,35.4,61.36
AMP_0237,ECJ76332.1,96.552,29,1,0,15,43,4,32,3.58e-12,60.8,96.55
