accession,body_site,peptide_status,n_orfs_total,n_peptides_filtered,filtered_faa
ERR14222030,mouth,ok,530.0,350.0,/kaggle/working/metagenome_amp_discovery/data/peptides/ERR14222030.filtered_10_50aa.faa
ERR14222037,mouth,ok,627.0,440.0,/kaggle/working/metagenome_amp_discovery/data/peptides/ERR14222037.filtered_10_50aa.faa
ERR14222039,mouth,ok,602.0,366.0,/kaggle/working/metagenome_amp_discovery/data/peptides/ERR14222039.filtered_10_50aa.faa
ERR14222040,mouth,ok,165.0,116.0,/kaggle/working/metagenome_amp_discovery/data/peptides/ERR14222040.filtered_10_50aa.faa
ERR14222041,mouth,ok,488.0,274.0,/kaggle/working/metagenome_amp_discovery/data/peptides/ERR14222041.filtered_10_50aa.faa
ERR14222042,mouth,ok,486.0,318.0,/kaggle/working/metagenome_amp_discovery/data/peptides/ERR14222042.filtered_10_50aa.faa
ERR14222044,mouth,ok,527.0,269.0,/kaggle/working/metagenome_amp_discovery/data/peptides/ERR14222044.filtered_10_50aa.faa
ERR14222055,mouth,ok,278.0,170.0,/kaggle/working/metagenome_amp_discovery/data/peptides/ERR14222055.filtered_10_50aa.faa
ERR14222068,mouth,ok,208.0,125.0,/kaggle/working/metagenome_amp_discovery/data/peptides/ERR14222068.filtered_10_50aa.faa
ERR14222072,mouth,ok,396.0,197.0,/kaggle/working/metagenome_amp_discovery/data/peptides/ERR14222072.filtered_10_50aa.faa
ERR14222073,mouth,ok,492.0,255.0,/kaggle/working/metagenome_amp_discovery/data/peptides/ERR14222073.filtered_10_50aa.faa
ERR14222079,mouth,ok,466.0,337.0,/kaggle/working/metagenome_amp_discovery/data/peptides/ERR14222079.filtered_10_50aa.faa
SRR34998666,gut,ok,10.0,6.0,/kaggle/working/metagenome_amp_discovery/data/peptides/SRR34998666.filtered_10_50aa.faa
SRR34998667,gut,ok,3.0,2.0,/kaggle/working/metagenome_amp_discovery/data/peptides/SRR34998667.filtered_10_50aa.faa
SRR34998669,gut,skipped_no_orf,,,
SRR34998670,gut,ok,3.0,3.0,/kaggle/working/metagenome_amp_discovery/data/peptides/SRR34998670.filtered_10_50aa.faa
SRR34998673,gut,ok,2.0,1.0,/kaggle/working/metagenome_amp_discovery/data/peptides/SRR34998673.filtered_10_50aa.faa
SRR34998675,gut,ok,6.0,1.0,/kaggle/working/metagenome_amp_discovery/data/peptides/SRR34998675.filtered_10_50aa.faa
SRR34998676,gut,ok,2.0,2.0,/kaggle/working/metagenome_amp_discovery/data/peptides/SRR34998676.filtered_10_50aa.faa
SRR34998677,gut,ok,7.0,4.0,/kaggle/working/metagenome_amp_discovery/data/peptides/SRR34998677.filtered_10_50aa.faa
SRR34998678,gut,ok,5.0,3.0,/kaggle/working/metagenome_amp_discovery/data/peptides/SRR34998678.filtered_10_50aa.faa
SRR34998679,gut,ok,8.0,6.0,/kaggle/working/metagenome_amp_discovery/data/peptides/SRR34998679.filtered_10_50aa.faa
SRR34998680,gut,ok,12.0,7.0,/kaggle/working/metagenome_amp_discovery/data/peptides/SRR34998680.filtered_10_50aa.faa
SRR34998668,gut,ok,4.0,1.0,/kaggle/working/metagenome_amp_discovery/data/peptides/SRR34998668.filtered_10_50aa.faa
SRR32820690,skin,ok,457.0,75.0,/kaggle/working/metagenome_amp_discovery/data/peptides/SRR32820690.filtered_10_50aa.faa
SRR32820691,skin,ok,77.0,18.0,/kaggle/working/metagenome_amp_discovery/data/peptides/SRR32820691.filtered_10_50aa.faa
SRR32820692,skin,ok,5511.0,359.0,/kaggle/working/metagenome_amp_discovery/data/peptides/SRR32820692.filtered_10_50aa.faa
SRR32820693,skin,ok,4709.0,693.0,/kaggle/working/metagenome_amp_discovery/data/peptides/SRR32820693.filtered_10_50aa.faa
SRR32820694,skin,ok,5095.0,589.0,/kaggle/working/metagenome_amp_discovery/data/peptides/SRR32820694.filtered_10_50aa.faa
SRR32820695,skin,ok,31060.0,2805.0,/kaggle/working/metagenome_amp_discovery/data/peptides/SRR32820695.filtered_10_50aa.faa
SRR32820696,skin,ok,3927.0,376.0,/kaggle/working/metagenome_amp_discovery/data/peptides/SRR32820696.filtered_10_50aa.faa
SRR32820697,skin,ok,3710.0,528.0,/kaggle/working/metagenome_amp_discovery/data/peptides/SRR32820697.filtered_10_50aa.faa
SRR32820698,skin,ok,2919.0,403.0,/kaggle/working/metagenome_amp_discovery/data/peptides/SRR32820698.filtered_10_50aa.faa
SRR32820699,skin,ok,18.0,2.0,/kaggle/working/metagenome_amp_discovery/data/peptides/SRR32820699.filtered_10_50aa.faa
SRR32820700,skin,ok,9414.0,1083.0,/kaggle/working/metagenome_amp_discovery/data/peptides/SRR32820700.filtered_10_50aa.faa
SRR32820701,skin,ok,84.0,17.0,/kaggle/working/metagenome_amp_discovery/data/peptides/SRR32820701.filtered_10_50aa.faa
SRR35018774,vagina,ok,7.0,4.0,/kaggle/working/metagenome_amp_discovery/data/peptides/SRR35018774.filtered_10_50aa.faa
SRR35018776,vagina,ok,4.0,2.0,/kaggle/working/metagenome_amp_discovery/data/peptides/SRR35018776.filtered_10_50aa.faa
SRR35018777,vagina,ok,3.0,1.0,/kaggle/working/metagenome_amp_discovery/data/peptides/SRR35018777.filtered_10_50aa.faa
SRR35018778,vagina,ok,2.0,2.0,/kaggle/working/metagenome_amp_discovery/data/peptides/SRR35018778.filtered_10_50aa.faa
SRR35018780,vagina,ok,2.0,1.0,/kaggle/working/metagenome_amp_discovery/data/peptides/SRR35018780.filtered_10_50aa.faa
SRR35018781,vagina,ok,4.0,3.0,/kaggle/working/metagenome_amp_discovery/data/peptides/SRR35018781.filtered_10_50aa.faa
SRR35018783,vagina,ok,7.0,6.0,/kaggle/working/metagenome_amp_discovery/data/peptides/SRR35018783.filtered_10_50aa.faa
SRR35018784,vagina,ok,11.0,7.0,/kaggle/working/metagenome_amp_discovery/data/peptides/SRR35018784.filtered_10_50aa.faa
SRR35018785,vagina,ok,12.0,12.0,/kaggle/working/metagenome_amp_discovery/data/peptides/SRR35018785.filtered_10_50aa.faa
SRR35018786,vagina,ok,13.0,8.0,/kaggle/working/metagenome_amp_discovery/data/peptides/SRR35018786.filtered_10_50aa.faa
SRR35018787,vagina,ok,11.0,7.0,/kaggle/working/metagenome_amp_discovery/data/peptides/SRR35018787.filtered_10_50aa.faa
SRR35018788,vagina,ok,70.0,40.0,/kaggle/working/metagenome_amp_discovery/data/peptides/SRR35018788.filtered_10_50aa.faa
